timestamp,joint_positions,joint_velocities,eef_position,eef_orientation,gripper_action,gripper_goal_state
1751554806.2270288,"-0.021980299772100854,-0.5457812992942346,0.02813029031131881,-2.3506430615329057,-0.005047343993169054,1.8207124793154572,0.7940992815386345","0.0021351995549035,-0.0012375012206609427,-0.0002080424083854328,0.001826303724635131,-0.0002667535890175243,-0.0006915665206564987,0.0002479814522923054","0.39057484,0.0012779481,0.42818627","0.99991584,-0.0026567334,0.007884474,0.009706964",1.0,open
1751554806.276506,"-0.021979361453432423,-0.5458035704370621,0.028140701672334508,-2.3506508074398056,-0.005043096734941271,1.8207141529434614,0.7941019159167114","0.000593316462063484,-0.0013026414163991953,-2.7769276622886596e-05,8.145119829876626e-05,-0.0015856125155190534,0.0011998339777926216,0.001265872452654406","0.3905716,0.0012860938,0.42819953","0.9999157,-0.0026450586,0.007902631,0.009709661",1.0,open
1751554806.3266575,"-0.021965302746530378,-0.5459290829109438,0.028150307134343473,-2.3506427522481848,-0.005028673802832444,1.8207196196449367,0.7940961368762417","0.0005391411282666958,-0.002006633214630284,0.0007603074987991654,-0.00128981883800579,0.0016006405903914935,0.0020835839112836115,-0.0009914519861621224","0.39056432,0.0012962735,0.42824975","0.99991524,-0.0026400664,0.007966994,0.009707686",1.0,open
1751554806.376448,"-0.021942787664024483,-0.5460103831710914,0.028192646544846694,-2.350643578296328,-0.005003360844856002,1.8207269012713376,0.7940995207898532","0.0006471549341605145,-0.0025707660543740334,0.0022252790829853366,-0.00020564516650496136,0.003798857987301916,0.0009474840436475471,0.0010589338696959712","0.3905602,0.0013730241,0.4282901","0.99991494,-0.0025756906,0.008028089,0.009704851",1.0,open
1751554806.4266143,"-0.021879571414938282,-0.5459982823754368,0.02882279514787624,-2.3506453297377075,-0.0046949814118752604,1.8207684320044695,0.7941027128287531","0.000992102075818835,0.002574853017872438,0.016810910116983473,-0.00045785116302011954,0.007714474620223166,7.315868353802423e-05,-0.0008216976859273837","0.39056638,0.0016790683,0.4282691","0.9999154,-0.0023212216,0.008018806,0.009731261",1.0,open
1751554806.4768028,"-0.021714432366563608,-0.5459380469516424,0.029562772204740496,-2.3506703160661395,-0.004678850529159629,1.8207638802826165,0.7941055408842336","0.010380831155404202,0.001886750179752684,0.025354288673423216,-0.0013459217716448317,0.0005033256334740581,-0.0014136340994872225,-0.0002191903462641023","0.3905652,0.0023087198,0.42822292","0.9999141,-0.0015980145,0.007967341,0.010047219",1.0,open
1751554806.5261526,"-0.020869170968439297,-0.5459859147378396,0.03196387971746494,-2.3506431042341562,-0.004657029793074145,1.8207606599605086,0.7941002828132669","0.01910152755616957,-0.002454515685996747,0.04444822728558065,-0.0012537631865634142,0.0005535486355565934,-0.0005829942446989413,-0.0016916457277573814","0.39056167,0.0033232418,0.4282519","0.99990994,-0.00042327814,0.008017126,0.010530308",1.0,open
1751554806.5764134,"-0.020139390174413713,-0.5460096440209428,0.03373211738340953,-2.3506302096341707,-0.004622672117714992,1.8207708117211443,0.7941017982032261","0.02352039278910838,-0.0007469505637179382,0.05923830690965195,0.0002479984343991016,0.002295293381787794,8.182551502847857e-05,-0.0004853392422179061","0.39055982,0.0048610377,0.42825434","0.9999012,0.0013421845,0.008052884,0.011231461",1.0,open
1751554806.6266105,"-0.018823031710158474,-0.5459263901701136,0.03893316947920606,-2.3501524396228,-0.003988842021492869,1.8208754851732878,0.7941172818741601","0.018782749296124862,0.00010300710609656167,0.09456465914906627,0.014763738094389304,0.016657774832058703,0.0044218584289174535,0.0004281408919545205","0.3906745,0.00699454,0.42844585","0.99988455,0.0035803642,0.008321056,0.012001572",1.0,open
1751554806.6767097,"-0.01819920773139714,-0.5459358426871714,0.04241985854418102,-2.3494982268145437,-0.003594812238789401,1.8212160255514223,0.7941342000550706","0.018469371907344063,-0.0012500143882938583,0.11625828947126896,0.024501066080346714,0.008720271328969808,0.012268827516106445,-0.00020888119385643097","0.3909873,0.00963442,0.42901868","0.99984795,0.006409666,0.009160759,0.013198824",1.0,open
1751554806.726805,"-0.017328816165769638,-0.5459304388537551,0.05192125264444788,-2.3469308133665896,-0.003270097179939886,1.8215158493034511,0.7941408020098811","0.00599276680125143,0.00048819844095078686,0.16591780363512482,0.0511790291434263,0.00547453058444618,0.002873516481610252,-0.00023504178143847286","0.39140874,0.012825754,0.43000132","0.9997828,0.00991215,0.010302298,0.015003388",1.0,open
1751554806.7767348,"-0.017175059562097812,-0.5459561912934856,0.05804289745541545,-2.345088733754218,-0.003105708539291566,1.8215533585231583,0.7941365890661979","0.002268634856718155,0.00017426647620209725,0.19679740169004298,0.06031508802223149,0.003109806624023043,0.0008969291159287039,-0.0021900885162241175","0.3919228,0.016718164,0.43130726","0.9996771,0.014159295,0.011780498,0.017364271",1.0,open
1751554806.826541,"-0.016689010388329442,-0.5459355220674031,0.07310200266125458,-2.3412702637821314,-0.0024243265937452926,1.8215648648478473,0.7941520596666941","0.026979135922493146,-0.0012397400729532385,0.27072527654789275,0.04860936957291863,0.037330791128761455,-0.0005111744721454177,0.0020289771682549026","0.39231244,0.021713188,0.43248132","0.9995231,0.019447735,0.013138756,0.01994652",1.0,open
1751554806.876544,"-0.015223793357953588,-0.5460294288496823,0.0833442752784563,-2.339578596222842,-0.0009922269283636766,1.8215580014847426,0.7942893202894655","0.052405216307790686,-0.001299792235074424,0.32024132249798604,0.04715492819530682,0.04241922260485682,0.0010193425015834882,0.012297401724884924","0.39237335,0.029366653,0.4333861","0.9992663,0.0269987,0.014354141,0.022956436",1.0,open
1751554806.9265401,"-0.011281912016385596,-0.5459144673066938,0.1067507400271497,-2.3378521850707283,0.0014607798749784735,1.8215899214574585,0.7965326760893281","0.06087522001217483,0.005951354510741365,0.3835991176255451,0.010001141509970966,0.0344805737845518,0.0012471980352145484,0.026533725604770245","0.39195296,0.03802281,0.43340185","0.99890697,0.03537868,0.01478094,0.026644835",1.0,open
1751554806.9769256,"-0.0091027301101182,-0.5455243121086029,0.12034004265408087,-2.337705442023825,0.0023396359156787256,1.8216535580627742,0.7973404462943898","0.06450531766654086,0.011397719450847945,0.40571642259422475,0.0029508683467486347,0.024395615135275023,0.0033065647801310875,0.029464224630159873","0.39117646,0.047469705,0.43270183","0.9983949,0.04493415,0.014617987,0.03114461",1.0,open
1751554807.0265431,"-0.004651931624951676,-0.5446673038804817,0.14972866013249322,-2.337708485421753,0.004481407713965182,1.8220735425608485,0.8027082558714304","0.07001526476259541,0.01149582301045753,0.46180944967669174,-0.0002339348185596344,0.04811790120951598,0.011305843789410866,0.15047223817566902","0.39007935,0.057926342,0.43182924","0.99780434,0.053652555,0.014597809,0.035916477",1.0,open
1751554807.076687,"-0.0021569837715399998,-0.5442249747211177,0.1661235033994687,-2.3377286315167276,0.0071996377217026335,1.8226559900851178,0.8098544147616367","0.07425942293231402,0.016865068133893345,0.48605477680338355,0.00012132453526342166,0.11027001049404808,0.01793548257713405,0.2586471049573816","0.38861245,0.06974484,0.4307101","0.99737144,0.059185643,0.014734925,0.03905603",1.0,open
1751554807.1268415,"0.003202465006761995,-0.5425970587034454,0.19836471879186482,-2.3377710175756854,0.025230978295769986,1.8235874676120956,0.832350932116983","0.08414603509294488,0.037569841946066586,0.4813407293772886,-0.0013841006456414239,0.41064615040237656,0.009476354174621409,0.4041770163793741","0.38648322,0.08367012,0.4289991","0.9973658,0.060720533,0.0140860975,0.037030365",1.0,open
1751554807.1768577,"0.006093789179691401,-0.5410119164911217,0.21492807030323394,-2.337803099386221,0.04210821237661894,1.8237200221881202,0.8473927028156956","0.08150734347490989,0.052620664362382066,0.49133920006797455,0.0016366716388275006,0.5574608860365637,0.00015488974710652764,0.4625956721454563","0.38361353,0.09922287,0.4265294","0.9977484,0.058666896,0.0118890945,0.030168865",1.0,open
1751554807.226054,"0.010516467505560463,-0.536015490044895,0.24758584076116252,-2.3377648601097745,0.08167570766177502,1.8245497932297188,0.8804185661889137","0.05434204575959195,0.09728707923753235,0.49920978317219894,0.00036852917503465575,0.6161289858146599,0.02660519694553324,0.5156480330192887","0.38052434,0.11492345,0.42347035","0.99823207,0.054674495,0.008678441,0.021524958",1.0,open
1751554807.2764955,"0.012221419880880654,-0.5323135331986775,0.2646685991594725,-2.337792952203293,0.10106811501477916,1.8258433489403698,0.8980486849231802","0.04578530640360259,0.11828277411846905,0.5125871544739656,0.0004523545211933215,0.5533551026530158,0.04727013977816626,0.5159657021475388","0.3774556,0.13042559,0.4196859","0.9986016,0.050565455,0.0050253044,0.014418862",1.0,open
1751554807.3263888,"0.01385716740105538,-0.5231378346229704,0.2993011295981968,-2.3377399270627603,0.12931273454863967,1.833311765990453,0.9309543564394218","0.010209273377667341,0.15677755383604197,0.5408139165555429,0.002306846436366626,0.31696524498121104,0.18003718234250654,0.47947655630417174","0.37539032,0.14430769,0.41571057","0.9987899,0.047795232,0.0031889144,0.0109234685",1.0,open
1751554807.3766572,"0.014156168175677688,-0.5176102612628652,0.31756191285091595,-2.337766365699647,0.13843648359627347,1.8400725435440837,0.9472748413419855","0.007581550339555523,0.16894632961307565,0.5524854432251007,0.0016869756569293888,0.22137192179253423,0.20866082316203058,0.4830405325451477","0.37415618,0.15685852,0.41148227","0.99886125,0.04624665,0.0032055872,0.0110631855",1.0,open
1751554807.4267976,"0.014551971769873618,-0.5046728459772025,0.35451558044149845,-2.3378126429022537,0.14335730343688227,1.8605253850861125,0.9818502590176511","0.005257126285072869,0.20959245569297197,0.5547942393876254,-0.0025584279932811004,-0.0015699141009141667,0.3670960319438137,0.5425616108541557","0.37421167,0.16834436,0.40703797","0.9988424,0.045287002,0.0062755453,0.014788364",1.0,open
1751554807.4763494,"0.014684536207017186,-0.4972605917937375,0.37312948748336167,-2.337948704047135,0.1433582301193879,1.8742340180841706,1.0006642444807736","0.0023197752166913737,0.23732799881608355,0.577100462893317,-0.004202578935106154,0.00014968286737890562,0.4461846403444859,0.5949227731234996","0.37490386,0.17983511,0.40230212","0.9988231,0.04349111,0.010879083,0.018376859",1.0,open
1751554807.526541,"0.014701950358887807,-0.4791015727819076,0.41122795677286716,-2.3384470313421097,0.14335735126158505,1.906010877750421,1.0438961191366107","0.004118090962086771,0.2990769879133892,0.5566252569611251,-0.01603131066990167,0.0006449510664592304,0.5054492690084708,0.6952058093623392","0.37587163,0.19205162,0.39642632","0.9988534,0.039901365,0.015780862,0.021117903",1.0,open
1751554807.575985,"0.014712772575347276,-0.4683386841833973,0.4300851259061259,-2.339235250837777,0.1433506343741365,1.9226173674215186,1.0675209978230609","-0.0031781205164577134,0.3424569681029372,0.577225533625767,-0.024609717593673572,-0.0017146304152377712,0.4825084716086091,0.7237482112409278","0.37637523,0.20380521,0.38933152","0.9989299,0.035184447,0.018957317,0.02317038",1.0,open
1751554807.626826,"0.014815548579938794,-0.44226700818163367,0.4681933675196997,-2.3418437812364385,0.14333398886499077,1.9538149587665334,1.1145463299991691","0.005254752496765479,0.4310192391433288,0.5601653468675776,-0.047572182861258236,-0.0003737789373189723,0.44880681823743385,0.6731821526629689","0.3759434,0.2158585,0.38002864","0.9990053,0.031275634,0.019231154,0.025209451",1.0,open
1751554807.6765373,"0.014792586174125131,-0.42751565831854643,0.4870954667238361,-2.3434660306164563,0.14331409193161074,1.9679081331868844,1.1360602163683367","0.0016337193937755261,0.4730879305135712,0.5546582814287302,-0.04704588986295583,-4.990698938612951e-05,0.44167721107616326,0.6404114860989506","0.37487048,0.22742355,0.36966184","0.9990738,0.028589437,0.017571045,0.026845261",1.0,open
1751554807.726158,"0.01486963375746221,-0.394188982154485,0.5234175273158891,-2.3465597438582355,0.14330861165858633,2.000435687552108,1.177720557784567","0.00016146543631684728,0.5192660105833021,0.5278984478978945,-0.0401958826827751,0.0008095167235055912,0.5100403185970359,0.6113351569370754","0.3741114,0.23863174,0.35904104","0.99915785,0.026221812,0.016001418,0.027114589",1.0,open
1751554807.7766023,"0.014842594215182633,-0.3762065398897805,0.5403944920269069,-2.347640076651641,0.14330782867363254,2.018379362214409,1.19776479768849","0.004562085164427768,0.5656006480538222,0.49368561957307533,-0.02848313549489973,0.00013655011771913114,0.55604100835052,0.5955405871383004","0.37376064,0.2500168,0.34809855","0.99927706,0.023643985,0.014744703,0.025771227",1.0,open
1751554807.8261292,"0.01487375139313482,-0.3366302574406831,0.5727104541706057,-2.349292123451062,0.1432914185912899,2.0584738340081783,1.2373438429848858","0.0003228022374255127,0.6192152016501558,0.4616779544575742,-0.01930363597520164,0.0010558606339864057,0.6346023232755946,0.5875028211354802","0.37366718,0.26128384,0.3368991","0.9994251,0.020912826,0.0135167865,0.022904461",1.0,open
1751554807.8771784,"0.014827415822120169,-0.3157413756274885,0.5877253663287226,-2.350210095172618,0.14326007315359515,2.0803669016747386,1.2562161019479505","0.0008662160505600474,0.6405756921458456,0.4423084766656814,-0.02811636472757244,-0.00044143305283320957,0.6644210656684381,0.5610251506840424","0.3738066,0.27256498,0.32508218","0.99958885,0.018012822,0.012356285,0.018445129",1.0,open
1751554807.9260826,"0.01478773533950096,-0.27095236535901923,0.6157677091932926,-2.3530146504785585,0.14207958925345593,2.1283284796598245,1.2920217486557688","-0.0025235301500325024,0.7035969917863197,0.3919354937486389,-0.049972494481069316,-0.026403119952110615,0.7472247587605851,0.5074468574504486","0.37388748,0.28288144,0.3131107","0.99972814,0.015575238,0.010879609,0.013336157",1.0,open
1751554807.976452,"0.014825336108692166,-0.24767029063725332,0.6281159988499014,-2.3549654278279997,0.14088208871724228,2.153430968249615,1.3081942918735063","-0.0011845062253360845,0.7101228000481612,0.37086102076487887,-0.06618744739371696,-0.044067715238236674,0.7637675071903163,0.47669499671226645","0.3740087,0.2928459,0.30013585","0.9998442,0.013291807,0.008891626,0.007147055",1.0,open
1751554808.0267081,"0.014814510048401648,-0.19868077176736004,0.65002238830138,-2.3598433526848224,0.1379790007156811,2.2066097753272267,1.3370580244829438","-6.949306578030379e-05,0.7354911158470845,0.2976461046358059,-0.07620382846223385,-0.043052783046593844,0.8220658880187007,0.3866900310069647","0.37426722,0.3017618,0.28715432","0.9999136,0.011159908,0.00659725,1.5299032e-05",1.0,open
1751554808.0766675,"0.014828970649571178,-0.1738483023429336,0.6589377669893468,-2.3623072636559956,0.13576281992906372,2.233737331368731,1.3490646754655826","-0.001646523660207181,0.744126856654387,0.25978270742371157,-0.07636947493821097,-0.08584617477007393,0.816220469272283,0.3462289015764104","0.3749095,0.3096884,0.27426448","0.9999124,0.009735449,0.004364228,-0.0075199264",1.0,open
1751554808.127017,"0.014806490692981414,-0.12369127802110964,0.6723526489778163,-2.3670713646615145,0.1268989418557287,2.288220448504879,1.368266374517093","-0.0023448380715001167,0.7558044031681114,0.16225515071665067,-0.07203698413086976,-0.2137033212879208,0.8315027251848448,0.23452699886814893","0.37616912,0.31616616,0.26161867","0.9998416,0.009510369,0.0027444065,-0.0146293305",1.0,open
1751554808.1764948,"0.014802000069600361,-0.09792356973687968,0.6771155416640896,-2.3697753823704573,0.11600831518043338,2.3160271830970913,1.375376624195875","-0.0033847354277061065,0.7493571986353436,0.12545013675941438,-0.08295413830702743,-0.3880736211750248,0.8053456720550723,0.19483847025518758","0.37806964,0.32063335,0.24891438","0.9997322,0.012904606,0.0028568322,-0.018867584",1.0,open
1751554808.2267866,"0.01484503284375912,-0.04861766089436912,0.6818982558088672,-2.3758364938706946,0.08035437391942366,2.368400207778586,1.3897871810135138","0.0003892580387311095,0.7367638755355401,0.02533362735968021,-0.0927857660556691,-0.6914200474303883,0.7606501109830361,0.249799526071207","0.38054606,0.32291633,0.23614624","0.9996229,0.01826446,0.0046047117,-0.019860905",1.0,open
1751554808.276381,"0.014777859685099199,-0.023869669781202165,0.6820179880008629,-2.3793433435958544,0.05424934911947393,2.393264507174425,1.3998665838598066","-0.00520892125201863,0.7229884424112013,-0.011046167409499659,-0.10302924909287126,-0.8203406836385744,0.7095224219622253,0.32976875885784945","0.38328302,0.32317346,0.22329548","0.99952954,0.023659356,0.0072859777,-0.017972369",1.0,open
1751554808.326966,"0.014665492790754069,0.023828041997889148,0.6786954562079418,-2.385932041836547,-0.00447152329119121,2.4392216095748758,1.4266261491565544","-0.0018266833926943848,0.7269615314529262,-0.07743969877250867,-0.08574987966588445,-0.9274470229534812,0.6680541548923774,0.4684104623783216","0.38610893,0.3224931,0.21037519","0.9994436,0.027760152,0.010146234,-0.015299858",1.0,open
1751554808.3764577,"0.014607464132669177,0.04872955018032712,0.6757875849635486,-2.388435310643708,-0.034797142568160216,2.461249673189592,1.4442104772938065","-0.002362039727027151,0.7484567689760836,-0.09330020900077525,-0.06694289797405463,-0.8625802528747403,0.6449531080700514,0.5514724717674918","0.38857186,0.3218423,0.19758102","0.9994338,0.028391425,0.011550429,-0.013702575",1.0,open
1751554808.4269092,"0.01457133967899793,0.09818609130042875,0.6686953932034452,-2.3903514986565115,-0.08900771812048926,2.5005431305118733,1.4825358502781358","0.002507906423533846,0.7677686431764988,-0.11689916946578396,-0.0048064959848049486,-0.787653717510521,0.5779892233556252,0.597356722614151","0.39075506,0.32162637,0.18494698","0.99949074,0.026372826,0.011463795,-0.013658411",1.0,open
1751554808.4769335,"0.01456726151361493,0.1238970401753297,0.6644841842327688,-2.3902699900685724,-0.11574108336327556,2.5182975960173986,1.5030211690372117","-0.00030007076379441654,0.7581945792059743,-0.12875369699832845,0.0052703152935550095,-0.790200224858653,0.511133794577956,0.6071701729935604","0.39234033,0.32115495,0.17233114","0.99957764,0.023574986,0.009991296,-0.013567431",1.0,open
1751554808.5264635,"0.014600161332257933,0.1733106962197282,0.6545484707382736,-2.38965878790775,-0.17030324814383851,2.5500451197849574,1.542119300419705","-0.0001297160153463204,0.7250127636907512,-0.16209839476751606,0.017639898542471454,-0.8528169880149311,0.4250743057630631,0.5511515686367944","0.39360943,0.32003796,0.15973584","0.9996387,0.02201366,0.0083932625,-0.012753687",1.0,open
1751554808.5763388,"0.014606039349303554,0.1965463273989518,0.6488722184342263,-2.388870665641391,-0.199764680765202,2.563661507863061,1.5590314603873556","-0.0030939698343067814,0.6931637988684116,-0.17272264304311558,0.026548654170219267,-0.920276265305341,0.38760482447678346,0.48955552018790477","0.3949416,0.31828457,0.14767936","0.999629,0.023816789,0.0074471505,-0.010689979",1.0,open
1751554808.6268141,"0.014637397209488093,0.24032635905754413,0.6359022130893967,-2.385992967173301,-0.2625843927541723,2.5868979939609114,1.5897768478127028","-0.0002519876281166785,0.6209912853385814,-0.21446655342371854,0.057070848835286105,-0.9714512364555905,0.3035137883668644,0.4710776232601831","0.39657307,0.31590822,0.13644482","0.9995688,0.027203292,0.0075206426,-0.007797414",1.0,open
1751554808.676011,"0.014673257799931838,0.2608870013886143,0.6283133861673318,-2.383966554452071,-0.2963687165683061,2.5964740809555367,1.6061521742599607","0.004730912873215462,0.5803537600922434,-0.23402601144342716,0.06184951519458575,-1.01318712812186,0.2792957309971004,0.4899014875158271","0.39851612,0.31277156,0.12627141","0.99949706,0.030249536,0.008388971,-0.0039218836",1.0,open
1751554808.7269187,"0.014732528518905942,0.29663949547077634,0.6122058618711292,-2.380399852519479,-0.3630911967164254,2.6126227828082396,1.6421121039976185","-0.0007133434858917964,0.4987081540757605,-0.2444171514828304,0.04665360352443833,-0.9766272984414235,0.2213689810038963,0.5681793998572756","0.40048164,0.30880588,0.11646159","0.9994426,0.031824447,0.009811116,0.00080225297",1.0,open
1751554808.7767358,"0.014770335557613385,0.31250873927155026,0.6039048159421235,-2.3790416753339034,-0.39550408441948853,2.6197784562113995,1.6611513979297994","-0.0005701511923261314,0.46028822841164224,-0.2505158780999934,0.03868490117853235,-0.9816983116177807,0.19816011554911286,0.5859161845167767","0.40224525,0.30444914,0.10742901","0.9993924,0.032312553,0.011524578,0.0057526985",1.0,open
1751554808.8270125,"0.01481624849478419,0.3413933619748468,0.5881783249497223,-2.3761046754548514,-0.45778982578241406,2.6275164097184587,1.7008445161315477","-0.0007077107696822284,0.4144177660993827,-0.22419229763366721,0.05263152563594891,-0.9193578963823976,0.06482581455856268,0.6128964434515037","0.40328953,0.29969317,0.0987541","0.9993433,0.03186039,0.012232767,0.011977864",1.0,open
1751554808.876057,"0.014834450392692856,0.35530311279800025,0.5808411438031887,-2.3741079717526197,-0.488681726133187,2.6291183588786344,1.7213018116576215","-0.0020391968529872785,0.41738860661561294,-0.21290289281376723,0.062287968537146264,-0.9035498126360303,0.04080698924173397,0.5961102044171136","0.40411916,0.29528263,0.09079717","0.9992526,0.03149348,0.012894413,0.018202208",1.0,open
1751554808.9267576,"0.014862926845071305,0.381172155124201,0.5678398316486338,-2.369100373060377,-0.5462041318298587,2.63438433881056,1.7598746922747024","0.0013092777281218898,0.38026057703672317,-0.18574774250447604,0.08263758342774169,-0.833817006592044,0.1346221780178395,0.5507063832462212","0.4053507,0.2919459,0.08358045","0.99913776,0.031372026,0.014842131,0.022681737",1.0,open
1751554808.9767265,"0.01487480526132422,0.39288187496457627,0.5623391733817059,-2.366405291034931,-0.5729603569288911,2.640065550311441,1.7771742039384169","0.0006031970734492186,0.34836947932320744,-0.15835900689877885,0.08920303391700385,-0.7933306900518049,0.181641316623108,0.5122671382111267","0.40696627,0.2902233,0.07771849","0.9990212,0.032070525,0.018187316,0.024343126",1.0,open
1751554809.026385,"0.014872843338054876,0.41500719716361395,0.553013878579389,-2.3599213817979163,-0.6204368817046071,2.6520492639253512,1.8089798793466294","-0.00021472815698590309,0.31195387265745683,-0.12133318271368229,0.09932832383695835,-0.6358539664742926,0.18702324404404524,0.45047465738116904","0.40846512,0.28938258,0.072548926","0.9989442,0.032338683,0.021206865,0.024700996",1.0,open
1751554809.0766344,"0.014898569531152513,0.42494534778334164,0.5492173855105835,-2.3566649807727273,-0.6402467037385877,2.658471052243619,1.823623407501484","0.001168259870668948,0.2888527592205001,-0.10535296817709992,0.09593756794236022,-0.5652483801560927,0.1837194341929969,0.43578636046570873","0.40981126,0.2891071,0.068087004","0.9989159,0.03172659,0.023934435,0.024139322",1.0,open
1751554809.1269321,"0.01489945475099435,0.4421700764713178,0.5429609565792902,-2.3501209039318898,-0.6756574972688866,2.6638566888965136,1.849544311785334","0.0049465661391670775,0.21557803710943668,-0.08033513563194833,0.09926503927412803,-0.4669625376013484,0.005093527800627269,0.3308652807796152","0.41079962,0.28821346,0.06419824","0.99884796,0.03144486,0.025570987,0.0255995",1.0,open
1751554809.1759734,"0.014872090006261008,0.4485743602325356,0.5406418887452484,-2.3466035465294928,-0.6914777042319359,2.663856215675203,1.8593136937784949","0.0001121976546984636,0.1766230456185355,-0.06784386306933572,0.10871016333244304,-0.46110748781289657,-0.0005634824537356733,0.26516668381382563","0.41227144,0.287458,0.06169406","0.998689,0.032868315,0.027876955,0.02753217",1.0,open
1751554809.226889,"0.014876035759221863,0.45721620728266044,0.536963009261161,-2.339991339920908,-0.7165748748497116,2.6638648102971754,1.8720913221788478","0.00016627624276714575,0.08759093376900905,-0.039115398007130465,0.08846719305730379,-0.2703658267743725,0.001944238857802524,0.12521935263832884","0.4141059,0.28699896,0.06041278","0.9985072,0.03474197,0.030590666,0.028909529",1.0,open
1751554809.2767293,"0.01485042281030072,0.4593682297832428,0.5359857034700479,-2.3373664129984646,-0.7242522888438117,2.6638550895916584,1.8755693765385202","-8.657120144559569e-05,0.05059761170366986,-0.023023603835728802,0.07137472323001563,-0.20805906525573872,0.0009639474569776606,0.09487702552329043","0.4156968,0.28705218,0.060270164","0.99837995,0.035906196,0.032825768,0.029426647",1.0,open
1751554809.327149,"0.014895862354190938,0.4602600260184074,0.5358026709355964,-2.3339656351540286,-0.728151105091629,2.6638442975419325,1.8774960920531159","0.0008953776414705619,-0.008209684029804374,0.00959877898395896,0.042682493325188905,-0.0017392689566193588,4.5797369995894364e-05,0.0005515421989496817","0.4167613,0.2875985,0.060890213","0.99835813,0.03585922,0.03391279,0.028987521",1.0,open
1751554809.377005,"0.014889596472622163,0.45972309785285126,0.5364399829378441,-2.3326037240568134,-0.7281476021658656,2.663851447124155,1.8774979098971296","-0.0007426788661534376,-0.021023971975601942,0.02153741962940184,0.03905601857552288,0.0004163466981702645,0.0008785142397714025,0.0011751262783833698","0.41775814,0.28852898,0.062053517","0.9983222,0.036052138,0.035306294,0.028313406",1.0,open
1751554809.426045,"0.014886596299721283,0.4570844411224896,0.5382397433784836,-2.330035450127304,-0.7281435902661494,2.663848307462371,1.8774864724617177","-0.0010099174580200467,-0.06334337799788718,0.0294457093636371,0.03432442833845937,-0.00036837506847172275,-0.00041341374110208585,7.342851685655669e-05","0.41896507,0.2895957,0.0637657","0.99825835,0.03637327,0.037293386,0.02759724",1.0,open
1751554809.4764874,"0.014877977018480988,0.4541609642093328,0.5391534218308316,-2.3290108856958516,-0.7281345543451228,2.6638573604754634,1.8774818569595233","0.0008133583839070458,-0.10611749331441186,0.02567369188187621,0.0269953340287522,0.0017384129331415635,0.0014019042743705,0.0004877623690510084","0.42067164,0.29052916,0.06653303","0.9981372,0.036705207,0.040476456,0.027050463",1.0,open
1751554809.5264387,"0.01482386850188474,0.4439564711713277,0.5406838297068387,-2.3279924384506216,-0.7281124539156968,2.663868766544092,1.8774545188320473","-0.0009614825872095469,-0.20016939831180117,0.01928059226552912,0.010341095925470244,0.0017995915202437965,-0.0004672507751346092,0.00014538917070405647","0.42292842,0.29120737,0.070428096","0.9979447,0.036963936,0.0449453,0.026742024",1.0,open
1751554809.5759711,"0.014790506620131812,0.4355484756324113,0.5412575725285297,-2.327970944397282,-0.7281050582295265,2.6638635892087157,1.8774187395489934","-0.0004284584701794386,-0.2751338547544681,0.015870002959623035,-0.00191574931614119,-0.00020177929580670272,1.478689320475368e-05,-0.002018241880304461","0.4262098,0.29162815,0.07629641","0.9976135,0.03714092,0.051666,0.026714783",1.0,open
1751554809.6266088,"0.014395521950793093,0.4126133425860765,0.5425159486324773,-2.3283389961491663,-0.7280306182960066,2.663863950754887,1.8772077161071514","-0.011075523485542258,-0.40688949146479,0.02189193339385552,-0.009958846768947144,0.0019318232189038645,-0.001368951452552204,-0.005580888077646218","0.4305367,0.29197183,0.084290415","0.9970976,0.037259195,0.060718786,0.026768181",1.0,open
1751554809.676422,"0.01398405323207775,0.3980523470810649,0.5434950973290048,-2.3289003202791223,-0.7277798558814921,2.663863466143014,1.8768464271571823","-0.013716489059118727,-0.46700310002754924,0.03408921321199003,-0.028605557408183525,0.017285966620847002,0.0012394438298187406,-0.0140370768722501","0.43530184,0.2923037,0.09403178","0.9963711,0.037566874,0.07145017,0.026897686",1.0,open
1751554809.7268739,"0.012293567528702833,0.36338857259083074,0.5465890005111491,-2.3321429900375485,-0.7267744050212316,2.663839610652865,1.8742982930417127","-0.027347951116546546,-0.5575631581854082,0.049296678996137155,-0.06792460926254947,0.013484654776868525,0.0004978267928771647,-0.0613632443414077","0.43995085,0.29244515,0.105215736","0.9953716,0.038821623,0.08350742,0.027386498",1.0,open
1751554809.776385,"0.01154076570515051,0.34380308063128934,0.548025046265614,-2.334871780000845,-0.7260377041559313,2.663811280063572,1.8710986828855605","-0.019496940968874384,-0.6026131629156186,0.038186615053172446,-0.09328822146711874,0.028323633842189264,-0.001147615164602013,-0.13213272750556798","0.44425073,0.29207093,0.1171654","0.9940821,0.04165447,0.09614478,0.028583439",1.0,open
1751554809.826652,"0.010153526952199782,0.30123983743804217,0.54943636909929,-2.342914832281597,-0.7234063386895357,2.6637553516205386,1.8594709450243072","-0.02420672100846295,-0.6727489857811656,0.0044384339581320315,-0.138283722598143,0.03168872660980654,-0.002490555452027877,-0.2120952110449017","0.44819212,0.29077944,0.12946253","0.9925304,0.045465123,0.10896117,0.030643094",1.0,open
1751554809.8763976,"0.00905441593524436,0.2790453254908894,0.5493885040665176,-2.347870724285675,-0.7227009982061937,2.6636559847454895,1.8514266312383112","-0.043946437891480714,-0.6841706205677958,0.00042495541809185397,-0.15552185042723377,0.013336029394667204,-0.005971464366866891,-0.26893287528077736","0.45196113,0.288323,0.14168058","0.99067867,0.050753564,0.12177873,0.033837616",1.0,open
1751554809.9268768,"0.0048414191376100705,0.2333741099125329,0.5493406563069962,-2.359924660734972,-0.7211079492284407,2.663513848623564,1.8287831125610143","-0.0755736802548995,-0.6764891657486821,-0.004561773079237619,-0.2033629413278646,0.04769733118967075,-0.001842751687657232,-0.40840048112720784","0.45525151,0.28474498,0.15393014","0.9885053,0.058065645,0.13428247,0.03806606",1.0,open
1751554809.9764674,"0.002070756627536652,0.2100669972861397,0.5492210586139487,-2.3673144636263257,-0.7184278331207667,2.663485873885797,1.8134540546105882","-0.08339268911979117,-0.6687468446420368,-0.005948555678025468,-0.2273441061122624,0.12233772838911669,0.0001185812402179937,-0.4747987516880552","0.4575492,0.2805076,0.16504423","0.9864159,0.06541519,0.1445503,0.042484153",1.0,open
1751554810.0266054,"-0.003920132158881464,0.16595312461881812,0.5482140337709205,-2.3830855400418454,-0.696912204582645,2.6634891051084395,1.7786535360356144","-0.10112902851026209,-0.6647067014940115,-0.023454590899080707,-0.25752423261835533,0.49379638358179756,-0.0004230975099165083,-0.5398158048532661","0.459122,0.27553087,0.1751593","0.9851049,0.06797835,0.15129448,0.045302752",1.0,open
1751554810.0766733,"-0.007500632552309183,0.1439752456499703,0.5472094301839711,-2.392543306434397,-0.6756926736904902,2.663391580112931,1.7600147639509058","-0.10862149823223669,-0.6499014932126156,-0.03361854712299525,-0.28748610967855315,0.6931873736960282,-0.00366555667306014,-0.5594676073240182","0.45959044,0.26954305,0.18370806","0.9849383,0.063976966,0.1538777,0.046046037",1.0,open
1751554810.1264036,"-0.015408384332133426,0.10208018389799216,0.5444247153788796,-2.412415128535653,-0.6172940676295099,2.6627596946150054,1.7192638457577272","-0.13324039287262993,-0.6159119035697092,-0.04543890916091036,-0.3213660236380592,0.9739411042984762,-0.022274466766955287,-0.708665582916843","0.45949593,0.26269174,0.19133744","0.98546994,0.056574468,0.1536057,0.045263175",1.0,open
1751554810.17682,"-0.020470445747916264,0.08066346926167797,0.5432293691337979,-2.4237667460716987,-0.5828044761089819,2.6616103888366216,1.6931564535592765","-0.15840928242368502,-0.6210178066102201,-0.03205824368150924,-0.33539212845227084,1.0267062915247744,-0.02830956681292903,-0.8156307849394404","0.45880955,0.25514886,0.19798128","0.9861026,0.050926246,0.15172037,0.044546142",1.0,open
1751554810.2260776,"-0.031326428516324674,0.03927217976584601,0.5399555141202239,-2.4460282549814596,-0.5168837141446567,2.6593173768957237,1.6304907669692383","-0.17054381748721867,-0.6326538987061161,-0.07082710233990787,-0.35044767612897637,0.9614386697319398,-0.04353958898092099,-1.0498170584799502","0.45812136,0.24657473,0.20436257","0.9864827,0.04934015,0.14972244,0.04467433",1.0,open
1751554810.276856,"-0.03698144651604915,0.018069094720409327,0.5367903397104531,-2.457537498764467,-0.48404329988764583,2.658087468464089,1.5938188689403592","-0.16089324396839813,-0.6295782647317976,-0.10773705068678757,-0.33577298635675507,0.9554212898643422,-0.03139169517832659,-1.105394400372602","0.45781744,0.23674305,0.21071531","0.9867146,0.049636487,0.14793806,0.045166306",1.0,open
1751554810.3260927,"-0.04867507564829302,-0.023194078472605566,0.5277638213036573,-2.480589662715429,-0.4210793883304028,2.654273773495089,1.5185574129126054","-0.18638506641876268,-0.6124542670206607,-0.1532903515427712,-0.33841710144987647,0.9198672593900142,-0.0658159827512668,-1.1368297125988813","0.45750284,0.22602321,0.21617903","0.9869737,0.05022845,0.1456866,0.046157937",1.0,open
1751554810.3760016,"-0.05474245508453628,-0.04329013315868153,0.5218762591567149,-2.4919663235154936,-0.3904109950623859,2.651406082656378,1.4808069521504263","-0.17941379718387818,-0.6028233955160895,-0.19570584326772678,-0.3484059292270476,0.9320617842652719,-0.10306943990449376,-1.147194698514618","0.45717877,0.21358746,0.22130714","0.9873792,0.04968955,0.1426684,0.0474783",1.0,open
1751554810.4265275,"-0.0664269244730842,-0.08327265021634196,0.5053750339617934,-2.5143000728887523,-0.3294633342475984,2.6394311953754768,1.4040315255054454","-0.16895445293104075,-0.5822234313698635,-0.2851818274393094,-0.32117833022714154,0.9080081217912287,-0.23644462709171368,-1.1653534235273715","0.45670965,0.19936109,0.22626716","0.98799336,0.047909442,0.13824369,0.049575295",1.0,open
1751554810.4766905,"-0.07186677398707732,-0.10255437876694312,0.49539922979291107,-2.5248573703534425,-0.29995990126237154,2.6305519500103385,1.3655255741453955","-0.15991768361503347,-0.5733133332866293,-0.3119496092343705,-0.3147547409121789,0.8844130470979363,-0.30014538129344315,-1.1743078288433078","0.4556581,0.18434662,0.23053296","0.9888386,0.045579348,0.13201703,0.05183961",1.0,open
1751554810.5265548,"-0.0820465898803253,-0.13997896567829596,0.4722714312175631,-2.543399559840823,-0.23906512920049025,2.606054391228808,1.2869345758880164","-0.14154742483846003,-0.5410339947166437,-0.3843989498337428,-0.2586487712319898,0.9163276885261272,-0.4092120874247542,-1.1738025302384518","0.45427343,0.16897002,0.23472516","0.9899329,0.042104207,0.1242143,0.053161",1.0,open
1751554810.5764606,"-0.08633273214067493,-0.15718345954888144,0.4587995104971798,-2.551348592093749,-0.20887390192178795,2.5914458165782728,1.248596431806838","-0.11874221463579686,-0.5059128453041517,-0.4231084404809562,-0.22957599111863314,0.9130093400996526,-0.45467965167727614,-1.1574085271887709","0.45244944,0.15333644,0.23859605","0.99127275,0.037208095,0.114808515,0.05299163",1.0,open
1751554810.6266403,"-0.09309251837701861,-0.19005974994532926,0.42731308240597016,-2.5636382823090407,-0.14858892264989113,2.5578525305939666,1.171829212481836","-0.0849903356276862,-0.4754726354588923,-0.5009543205881022,-0.15680672123407413,0.8527978894596224,-0.5205655739193865,-1.1513394253861469","0.450629,0.13799618,0.24280682","0.9926374,0.03199484,0.105066866,0.05102404",1.0,open
1751554810.6767492,"-0.09585324623418023,-0.20558852041290704,0.4101623402023481,-2.568506886847937,-0.12126711563780336,2.5397459083418705,1.1339086383282821","-0.07956704921034521,-0.46524423464843256,-0.5250122965166713,-0.1382407982464956,0.804249793162099,-0.5825025238316728,-1.1542626980456214","0.44835332,0.1227009,0.2470404","0.99392086,0.028133195,0.094804585,0.0483438",1.0,open
1751554810.7261164,"-0.10147787941774165,-0.23477933626501746,0.3733036735691395,-2.576102780290155,-0.07298997445218385,2.4979672413570335,1.0568653515576723","-0.08910492097826644,-0.41254420403517367,-0.5672518859849052,-0.09963560104165266,0.6327481039450334,-0.6489322674504743,-1.1295252943481535","0.4454863,0.107628174,0.25093624","0.995108,0.026002886,0.08372299,0.045491803",1.0,open
1751554810.7764206,"-0.10409390392517903,-0.24815647337153535,0.35391186296897237,-2.579443708730547,-0.05368807452620419,2.4772381611515186,1.020465971148158","-0.06992568406789436,-0.39380607605423595,-0.5945849315861611,-0.10445053429362816,0.5512952598722601,-0.6051215521069758,-1.0906752206379204","0.44224826,0.091938704,0.25471753","0.99612767,0.02483634,0.07303495,0.042117964",1.0,open
1751554810.82644,"-0.10904505230868809,-0.27287217005230546,0.31270259388803795,-2.586452378434392,-0.02467448792975179,2.4430972533213167,0.9527113589526419","-0.07957150494125471,-0.3538222736443419,-0.6464572778349905,-0.1124955046471043,0.350312653924226,-0.42141537253135447,-0.9612821719606415","0.4396253,0.07656035,0.25843212","0.9968249,0.023956329,0.0654986,0.03835684",1.0,open
1751554810.876601,"-0.1115375274757718,-0.28451121904700616,0.2905060037620901,-2.590715254712652,-0.014421089487408254,2.431608690674768,0.9213709024347686","-0.08068116932832366,-0.3300153945949693,-0.6627381490418679,-0.13175076041935113,0.23163969708562873,-0.2971819731457171,-0.8782327868152332","0.43770078,0.06105222,0.2618934","0.9972166,0.022939911,0.061688155,0.034966514",1.0,open
1751554810.926051,"-0.11615953607783322,-0.3040493443486652,0.24613809162784098,-2.600866200646742,-0.008598075733745518,2.419804685926125,0.8711267105140527","-0.0630665773360964,-0.27224423634212225,-0.6756753591803201,-0.18065399771762009,-0.00021636059477758663,-0.054231401551715096,-0.6868476334592488","0.43618545,0.045602977,0.26458496","0.9973558,0.021732325,0.060767658,0.033339795",1.0,open
1751554810.9763775,"-0.11821917912927166,-0.31247842310901636,0.2230927354102339,-2.6076218160481592,-0.00860362699016617,2.419646781533631,0.8481956748260665","-0.0551987289239012,-0.2290304098860367,-0.6702985241747761,-0.2021342402314414,-0.00028675831321500354,0.004224502652892274,-0.6612452520077086","0.43448088,0.029934214,0.26599222","0.99742186,0.020121247,0.061220463,0.031496365",1.0,open
1751554811.0264916,"-0.12194225016508209,-0.32443571243244446,0.17970190953138215,-2.62141985323382,-0.008635096467586412,2.421212694189786,0.8059283095922118","-0.062223423864147975,-0.14001623138974814,-0.6428988343308618,-0.21642440960846782,-0.00019389534306901073,0.032782053846696885,-0.6255637965265692","0.43199545,0.015398822,0.2656333","0.9975677,0.018629026,0.060442016,0.029215569",1.0,open
1751554811.0765033,"-0.124184608122953,-0.32790113108509417,0.1588781578332559,-2.6286160017196547,-0.008660294222037384,2.4216474752869863,0.7842580326333721","-0.07059907903792548,-0.07615984507583447,-0.5980764779882838,-0.20816412664891382,-0.0013654605776480095,0.0046368757332569364,-0.6449982609394163","0.4286022,0.0019776542,0.2632882","0.99783224,0.018369118,0.05723371,0.026699705",1.0,open
1751554811.1264513,"-0.12861581576325534,-0.32919934619238017,0.12128798715830072,-2.641953539515079,-0.008748218694959264,2.4219865964128786,0.7409340252288569","-0.06208576188190476,0.021064955050141373,-0.5272412216224087,-0.19909570516240846,-0.004171680112054111,0.014821574828670149,-0.6430003522886976","0.42480385,-0.009815009,0.25948077","0.9981379,0.01956395,0.05250075,0.024016863",1.0,open
1751554811.1765819,"-0.13059024184641882,-0.3279035189292645,0.10458769651568472,-2.6484902425960892,-0.008858303901925567,2.422992195397168,0.7202876768847721","-0.06002205606775676,0.05181456781056146,-0.49820889113624894,-0.19596778336238826,-0.008240559462055975,0.03682773407468937,-0.6183330381695825","0.42068532,-0.02046676,0.25459707","0.9984246,0.021651791,0.047147807,0.021255434",1.0,open
1751554811.2266257,"-0.1346664169673861,-0.32292944166317167,0.0743852374303434,-2.660320246037052,-0.009997827627342453,2.425225362620401,0.6818123086062347","-0.061613298358569164,0.08849812269239636,-0.4266622640261941,-0.1657049994941872,-0.01569487220854134,0.043025745061620456,-0.5402027587975189","0.41656324,-0.030173587,0.2493669","0.9986703,0.023998164,0.041603766,0.018604226",1.0,open
1751554811.2761967,"-0.1370696379512178,-0.31957933079199163,0.06073901376430663,-2.6656595872050315,-0.01061116001696495,2.426958714787312,0.6644862428413418","-0.0711572439725774,0.1023398835420828,-0.38968010535671654,-0.1551397348432035,-0.01954844358712601,0.060680989388624526,-0.4971646645149599","0.41288653,-0.038552746,0.24437034","0.99886334,0.025514511,0.036782265,0.016226938",1.0,open
1751554811.3271432,"-0.14211980486683767,-0.3111918207909213,0.03755932646152463,-2.6757116517701274,-0.012696528246343458,2.432159719475782,0.6352613703636678","-0.07109172195513963,0.1535982666081252,-0.3224950674316569,-0.14783853067324274,-0.04124457614007358,0.08340190965193325,-0.38915334298056237","0.40909767,-0.046255674,0.23869134","0.99903554,0.026826214,0.03168922,0.014117199",1.0,open
1751554811.3760905,"-0.14466308976944878,-0.3056229280789094,0.02725442379168156,-2.6809233903183864,-0.014428295771189634,2.435454044383191,0.6236009150988073","-0.07917754050878666,0.17182367773293994,-0.28669437383176066,-0.15838896652258935,-0.055769662934216715,0.11921364036022161,-0.2989259163252475","0.40545818,-0.05272139,0.23260333","0.9992068,0.02670841,0.026689835,0.012460779",1.0,open
1751554811.4267247,"-0.1507546604225001,-0.2916836871951554,0.011591194402266932,-2.691608557701693,-0.018364521654265976,2.4511199552392724,0.6101344218808108","-0.10475213579251974,0.2350146997778865,-0.184849364899011,-0.16175057947912838,-0.05202625116720094,0.3310075742409389,-0.12564196130157312","0.40280515,-0.058540575,0.22599143","0.9993412,0.024581784,0.023965603,0.011565043",1.0,open
1751554811.476613,"-0.15458271358907721,-0.2831497289503714,0.006374854792662935,-2.697326368280218,-0.019672602617262655,2.4650654119485615,0.6068190226001897","-0.11860182670389467,0.27376742926018016,-0.13839798708405449,-0.18248266199414379,-0.029429023249483884,0.4782808363324736,-0.08182498323598976","0.40140846,-0.063369706,0.21899533","0.9994227,0.020983692,0.024200777,0.011110672",1.0,open
1751554811.5265882,"-0.16254915891334087,-0.260698808517035,-0.00045604114894224484,-2.7095998055999884,-0.02033364816316079,2.5046474041966613,0.6039238720139408","-0.11562901910713996,0.3834065443039139,-0.07120127143456075,-0.1861668650144006,0.0014116499392843177,0.6951186230544399,-0.03231931500023362","0.40108413,-0.0672642,0.21114755","0.9994399,0.017036892,0.026572105,0.010897459",1.0,open
1751554811.5760798,"-0.16613818797828528,-0.24704330369507588,-0.002166437972296858,-2.7154941768794814,-0.020341521412376877,2.528986377579826,0.6030727175470408","-0.10624485456626855,0.44894874687669095,-0.0396685181693386,-0.16785610932409573,0.0004724164448390285,0.7640931342304138,-0.017218961462170168","0.40168965,-0.07007959,0.202737","0.9993747,0.01417287,0.03032836,0.01116709",1.0,open
1751554811.6263552,"-0.1720748241148747,-0.21307587855782023,-0.0031372671383060415,-2.726651455133121,-0.020378288823543877,2.5842838309662226,0.6013417956869669","-0.07390247467252539,0.5610707256287379,-0.000577849120365197,-0.16081066654067602,-0.0009449051697691817,0.83964559241598,-0.05894215305251513","0.40258026,-0.07197563,0.19280194","0.99926925,0.012911946,0.033979844,0.011609375",1.0,open
1751554811.676547,"-0.1740492674947813,-0.19343758555681426,-0.0031009632525028563,-2.731089808264456,-0.020390104582939068,2.610823352112448,0.5984254766266849","-0.04917322863431916,0.6240681890946794,0.00017835431873985773,-0.11971066253658198,-0.002031557217941996,0.788358241834037,-0.10658283662760822","0.4030586,-0.07299547,0.1818986","0.99919975,0.014454889,0.0353366,0.011723891",1.0,open
1751554811.726666,"-0.17646909084986245,-0.1493950041575867,-0.003101765543776277,-2.7369860845206437,-0.020373842100513406,2.661890402373434,0.5883482336504403","-0.02715302629777875,0.6795345627503098,0.00010128828454009466,-0.06021304007049429,0.00013818282423627568,0.7512996015675358,-0.17132087799649356","0.40356597,-0.073588096,0.17066713","0.99913716,0.017813036,0.035591718,0.011664178",1.0,open
1751554811.7767515,"-0.17723532187368915,-0.12618847291385699,-0.003104244320731408,-2.738079369244431,-0.020359889452920256,2.6859917417723134,0.5834489575501404","-0.017279576262183762,0.7104219866657371,-0.0010375980662708736,-0.011415102863052747,0.00020513283820200212,0.7176957636656747,-0.13231886036940882","0.40435693,-0.074014105,0.15939534","0.9990866,0.020850934,0.035414807,0.011496859",1.0,open
1751554811.826443,"-0.1782441220574853,-0.07700961184969121,-0.003129781374336754,-2.738159384603317,-0.020354585181278265,2.733791867802384,0.5784256774010527","-0.014686539853459602,0.7484751211286645,0.0009737316469028629,0.004333673536017902,7.417233310892626e-06,0.7241580507511214,-0.0279886112982762","0.40497348,-0.0742844,0.1478715","0.9990874,0.022008447,0.03479401,0.011162875",1.0,open
1751554811.876784,"-0.17874362819585382,-0.05186326835929198,-0.0031375450427815438,-2.7380873008089233,-0.020354598329761026,2.7576484386836606,0.5779099012137757","-0.014647604500625664,0.7665491598701969,0.00031907914676352977,0.0073762604858800184,0.00024182562158015463,0.7259633590870345,-0.00512271217686593","0.4050582,-0.07445861,0.13587105","0.99912226,0.022011807,0.03391938,0.010717823",1.0,open
1751554811.9264228,"-0.17947906953557963,0.0005493591785908798,-0.0031767638738446308,-2.7379361650598946,-0.02033745859795726,2.8073948170949685,0.5779062362190643","-0.006631290450215631,0.790438829672198,-0.00028816518951900146,0.006252595861476275,-0.0002902869601878917,0.7710014415746634,0.0003863040502906051","0.4047502,-0.074467234,0.123780414","0.9991579,0.021898245,0.033073753,0.010258222",1.0,open
1751554811.97648,"-0.17953325554468275,0.02691775419809284,-0.0031886100591328064,-2.737874657559946,-0.02033059510709985,2.8340402981349464,0.5778959934643388","-0.0016799684025930249,0.7961944570641376,-0.0007853289630346964,0.009551546603090176,0.0013062921011161204,0.8275444738715201,-0.0013300594790469791","0.4046831,-0.0742909,0.11138215","0.99912745,0.022040484,0.03393931,0.010091209",1.0,open
1751554812.0266693,"-0.1795091316007527,0.08067339125795205,-0.003171954995269043,-2.7374818510065797,-0.020320201203961955,2.8948128060704406,0.577867660144833","-0.0002662671288809373,0.7999308739554265,0.0012328922864220189,0.009019876420711639,0.0010611840322169365,0.9745920996671039,-0.0018226927177192737","0.40520734,-0.074200824,0.099738024","0.99900174,0.022192912,0.037285917,0.01039008",1.0,open
1751554812.0763755,"-0.1795306610767139,0.1071004372109354,-0.003209392177477894,-2.7370551588765535,-0.020323502267582363,2.9273006325479383,0.5777265359436613","0.0003911196504179228,0.7938957389417616,-0.0003261631351643893,0.023564272498160083,0.00010725634009063406,0.999225015502385,-0.01021908999290515","0.40609005,-0.07420335,0.08866238","0.9987819,0.022613617,0.042386353,0.011038469",1.0,open
1751554812.1264484,"-0.1795317343948902,0.15933677365488008,-0.003292832301620806,-2.7353014123445516,-0.020303533705333426,2.9923779881461754,0.5754867817040529","0.0016371587653589326,0.7759271533767866,-0.0026417697014090667,0.04526342437496124,0.0005235672226232163,0.9638922368968411,-0.033055839910654895","0.40701583,-0.074210234,0.07808748","0.9985017,0.023570625,0.04790094,0.011806226",1.0,open
1751554812.1766887,"-0.17954676348540266,0.18539906307253964,-0.003373032067286596,-2.7336237623746493,-0.020293923267116935,3.0237241871660054,0.5746464422424818","-0.0004293934238255859,0.7492174795499214,-0.0027103337846826336,0.05678006577979176,0.002937363830154593,0.891123756962153,-0.021502977786722593","0.40774134,-0.07423556,0.068148226","0.9982289,0.024119455,0.05287979,0.01249618",1.0,open
1751554812.2260468,"-0.17956396792455756,0.2330569024812217,-0.003634989647750855,-2.7288832255942017,-0.020298682072102114,3.0787007291562887,0.5734010836296232","-0.00030496803221952867,0.6718643659960553,-0.005345786413391929,0.08937115293778121,-0.0005084085949926717,0.7281198077838993,-0.019120420422666415","0.40834635,-0.07430851,0.05927446","0.99798214,0.024534676,0.057040334,0.013088072",1.0,open
1751554812.2766125,"-0.17960467381413805,0.2538876539469539,-0.0038494596880220265,-2.725847976922476,-0.020276709585813762,3.100830496986473,0.5729381753217699","-0.0014791492300787147,0.6188139720695813,-0.010133597999048501,0.09732088371813172,-0.00017994546398211145,0.6044919799062193,-0.0032646802592024796","0.40879834,-0.07449104,0.05121095","0.99780685,0.024577608,0.059920143,0.013498518",1.0,open
1751554812.3269098,"-0.1796545713757983,0.28891811128011285,-0.00452098756118391,-2.7191269984308377,-0.02027362602795366,3.132723104995076,0.5729232009863761","-0.001346542374406529,0.4561122443502477,-0.01239649643281279,0.10004008397683171,-0.000733484080318468,0.37282315862834015,-0.0006292088697558751","0.40878904,-0.07469389,0.044488005","0.9977572,0.024341017,0.060812484,0.013603708",1.0,open
1751554812.3764288,"-0.179674626163069,0.3031829464657914,-0.004908850908095138,-2.715642525160595,-0.02026480654108625,3.142434441918745,0.572918613127516","-0.0010111191291596146,0.39737380440027303,-0.009549530455130288,0.10385543268928779,0.00224783657623254,0.2318489637974673,-0.001100227115731977","0.40837532,-0.07487987,0.038952906","0.9978347,0.024081873,0.059682045,0.013387588",1.0,open
1751554812.426554,"-0.1796997274357973,0.3237787194553555,-0.005556488117141051,-2.7084234621861336,-0.02025941190416801,3.1499664698380467,0.5729237685390195","0.0007860308950288621,0.24135915342607447,-0.009114182049226122,0.10450413712348992,-0.0005901629618361886,0.006631113384594716,0.00033851267249097124","0.40798044,-0.075036936,0.034798075","0.99799025,0.023883965,0.057206467,0.012947214",1.0,open
1751554812.4759922,"-0.17970046636494633,0.33051962943046537,-0.0057858536164811574,-2.705272526124096,-0.020257916567247194,3.149965578456632,0.5729174996171851","0.0010604843404567257,0.1752435284591181,-0.004949504148482606,0.08618030436137213,0.00047653131216556654,0.0016743588230787579,-0.0010133393203082576","0.40776286,-0.07514327,0.032128375","0.9981241,0.02377651,0.05496104,0.012546819",1.0,open
1751554812.526184,"-0.17968388309871586,0.33674220260779636,-0.00584889390783057,-2.7015876276253974,-0.02026187579263386,3.1499535755774577,0.5729161820005066","0.0009886722353303486,0.021995417161274875,0.0002387235097958126,0.029664385891949807,-0.0007382498957955179,-0.0017930375949160296,0.0010698924693366711","0.40803018,-0.07518433,0.031239724","0.99815595,0.02379716,0.05439628,0.012435045",1.0,open
1751554812.5764835,"-0.17969153450553857,0.33645756394521864,-0.005864657498800629,-2.7009954169201054,-0.02026246268980372,3.1499535737380926,0.5729143067612363","-0.0007823509604046282,-0.028681722673058185,-0.0014123405026832386,0.010624127636090873,-0.0004355059295329737,0.0012864698953374064,0.0009534694614144252","0.4087859,-0.07535226,0.03193044","0.9981018,0.02375967,0.055351134,0.01264135",1.0,open
1751554812.6270406,"-0.17969742710311196,0.3311155614765785,-0.005895210713983984,-2.7008530440679985,-0.02025923710398242,3.1499484422654196,0.5729112501664515","0.0008116753205299546,-0.11866520891768419,0.0017679546832959053,-0.0011878784204096581,-0.0009677448160795759,0.0009194326757996048,-0.0008759658691436224","0.41015646,-0.07560653,0.033858497","0.9979677,0.023750039,0.057616152,0.013111686",1.0,open
1751554812.676382,"-0.17967022571523003,0.32632514544495256,-0.005862155541707572,-2.700861598884773,-0.02026156485286459,3.149940943462588,0.5729120470777257","0.0018924864671467072,-0.16603287871797756,0.0007506258142973444,-0.0007257082329936511,0.00021909941760632436,-0.0007604762415741721,-0.00020970593900731708","0.41254404,-0.07599368,0.037285198","0.99771756,0.023790145,0.061603896,0.013922492",1.0,open
1751554812.7261164,"-0.1796343042499547,0.31169535777455304,-0.0057327732741311215,-2.7008922318703075,-0.020263336989218214,3.149878403651777,0.5729173497300566","0.0025315716127860895,-0.26860598315373574,0.0033410866204623465,-0.0031042215373902745,-0.0006523631844137665,-0.0014425875786902521,0.0021363152481946148","0.41586456,-0.07652954,0.042124953","0.9973382,0.023839118,0.06720654,0.015056007",1.0,open
1751554812.7769034,"-0.1795978474804511,0.3014639745621618,-0.005477121134527414,-2.7009648565403572,-0.020268157061410212,3.1495859110521773,0.5729172329612949","0.0011987435806326784,-0.3365779360416112,0.011143062482107361,-0.0012409147771152125,-0.0008126613660579911,-0.012742664100062001,0.0011207646900656676","0.4205017,-0.07709215,0.049212918","0.99674326,0.024081822,0.075117566,0.016598055",1.0,open
1751554812.8270988,"-0.17949790811852587,0.27453986090701055,-0.0041084102152561955,-2.701164096213048,-0.020272736292864125,3.147118248981366,0.572914132859715","0.0016664598587983013,-0.4610731797740592,0.0306309375174957,-0.002591827692144958,-0.001828456945911024,-0.06608302851679795,-0.00020216357437464777","0.42589423,-0.077448025,0.05796746","0.9959696,0.024648635,0.08424903,0.01828309",1.0,open
1751554812.8764105,"-0.1794094323013482,0.25836299244186267,-0.0029510548943256112,-2.701391105071474,-0.020262717940675794,3.144133562981445,0.5729235604378942","0.0036972476879557534,-0.5041188979072473,0.03687482341096634,-0.0034488135659774604,-0.00025758991530861765,-0.11617077842303122,-0.0010756306717179106","0.4315652,-0.077515334,0.06830556","0.99506074,0.025536899,0.09379681,0.019983435",1.0,open
1751554812.9259744,"-0.17924507001355214,0.2196008589556,-0.0006124565468528349,-2.7017871946754264,-0.02023988656719166,3.127897580804139,0.5729463873448667","0.0012053720725383106,-0.6309580225090502,0.028154016361125727,-0.0004432799362820381,0.0006255483863316285,-0.36970223735148994,0.0001457800652694687","0.43641502,-0.07759728,0.079302594","0.99429804,0.026302628,0.10108748,0.021357272",1.0,open
1751554812.9764042,"-0.17921713194242572,0.1980457743214229,0.00020713689356856868,-2.701812012552262,-0.020234486154575487,3.1128249946319344,0.5729486217929388","0.001900504190970269,-0.6857844336353794,0.023066589508655713,0.00016878481193198495,-0.0005574283427241494,-0.5329060311606915,0.0008225113124279587","0.44000122,-0.077778496,0.09109987","0.9938641,0.026818465,0.10495166,0.022253852",1.0,open
1751554813.0261805,"-0.17906324961279607,0.15000846937224896,0.0013388413286063467,-2.7009791217051373,-0.020239964375291814,3.065357834511133,0.5729346323867156","0.002104178221565389,-0.7663849627709587,0.013969370435980366,0.024779766056877817,-0.0024787445657138037,-0.8695021163092742,-0.0002996765467864624","0.44197008,-0.07785279,0.10273407","0.9938967,0.027225032,0.10449514,0.022450037",1.0,open
1751554813.0767353,"-0.17898481191143842,0.12265795986731402,0.001803134064092656,-2.6996836884659423,-0.02023272342727454,3.032844139892681,0.5729372397046639","0.001976345659572068,-0.8189592555680919,0.010029636159027404,0.04511903974846976,0.0007111268505616613,-1.0155133067151119,0.001777773550331166","0.44296962,-0.077970654,0.11568452","0.99424946,0.02744212,0.10107691,0.022217141",1.0,open
1751554813.1264806,"-0.17908958634089567,0.06497375319720691,0.0017620723648958479,-2.6953232087018164,-0.01997331250019895,2.958945595798797,0.5729451443016224","2.9898471614682627e-05,-0.9093443245662503,-0.010558351453429173,0.08692026198960172,0.019526051317828395,-1.1791488902894443,-0.002409315998093113","0.44330412,-0.07850643,0.12951392","0.99473935,0.026974568,0.09635503,0.021838052",1.0,open
1751554813.1769514,"-0.1792790961445401,0.03351087238490516,0.0009364263242267986,-2.692134551837671,-0.019479301113661834,2.9174980979365768,0.5729665910842797","-0.003372017372787108,-0.9334198893467458,-0.03152069223513111,0.10429623448570237,0.011527550423221743,-1.2490708579598373,-0.00027897573803010295","0.4430375,-0.079629585,0.14444835","0.9952755,0.025529003,0.09117715,0.021375658",1.0,open
1751554813.2264118,"-0.17967369226730814,-0.029896450051221653,-0.0023103307352854304,-2.6832721352524342,-0.018699813682891295,2.830208663378713,0.5729962546285965","-0.009115607406891175,-0.94477486107427,-0.061312741165410745,0.15964914262838964,0.0018590337129422531,-1.3454768418815426,0.00029780755177674797","0.44229454,-0.08112697,0.160222","0.9958375,0.023626301,0.0855117,0.02079281",1.0,open
1751554813.276715,"-0.17998817446588575,-0.0611993172515344,-0.004563474008725106,-2.6772385485283348,-0.018517040506880366,2.7851520741282303,0.5729983555827611","-0.010402173784790943,-0.9461990249767013,-0.0746784099522325,0.19830617808738163,0.007028157140022079,-1.3773261345724706,0.00012886651846014742","0.44118908,-0.0830726,0.17680404","0.9963988,0.021121839,0.07960414,0.020040568",1.0,open
1751554813.3261309,"-0.18082276985190449,-0.12298300113697565,-0.01104982764002129,-2.661681642648634,-0.017897401174206504,2.689518356464377,0.5730031791668524","-0.020385178672859335,-0.897613101561965,-0.11766073582155002,0.2587397402340982,0.002827991175507579,-1.4555280317188382,1.1310821904868958e-05","0.439207,-0.08544936,0.19312198","0.9970115,0.01780378,0.07274788,0.018817231",1.0,open
1751554813.3760257,"-0.18155317433728274,-0.15177239771196024,-0.015368474661190991,-2.652096803117541,-0.01786744440212732,2.64063244436161,0.5729852830656985","-0.025798702670595,-0.8616515679196677,-0.1397472255686572,0.31047641148459426,-0.0014811086403584473,-1.4985076080972315,-0.002441118353416887","0.4364929,-0.08869306,0.20980658","0.99766886,0.013438383,0.06464501,0.017100133",1.0,open
1751554813.4266477,"-0.18414274491276705,-0.2053449270782192,-0.026709215872921202,-2.6291658363160724,-0.01788360961605191,2.5378169680535385,0.5729446866922533","-0.04756942308136804,-0.7577509874829662,-0.1965683491704339,0.38267813331218054,0.0011800568864728984,-1.5665795395329891,0.0018428540904443507","0.43244874,-0.09290602,0.22615139","0.99837685,0.0075776908,0.054513417,0.014480974",1.0,open
1751554813.4759908,"-0.18597565684590273,-0.22879005980663764,-0.0337262788659192,-2.615723577077202,-0.017899887990720217,2.4867102868478654,0.5728976981578381","-0.06317786791677289,-0.6898926726500791,-0.21812564909588672,0.40516415029189845,-0.0033623338411024662,-1.5615502043605989,-0.0026656779802678625","0.42793223,-0.09794515,0.2413296","0.9989725,0.00062258943,0.04385999,0.011183688",1.0,open
1751554813.5266712,"-0.19097614695223872,-0.2696899503573261,-0.05063659152865807,-2.586204145922734,-0.01791405849404385,2.385513533858504,0.570416873340525","-0.08493252988786808,-0.5471367938906782,-0.27681274275260986,0.45212943616909573,-0.00022246068315673827,-1.4557294129674396,-0.09492873882923665","0.42288467,-0.104278706,0.25657496","0.9994071,-0.006713837,0.032935172,0.0071258545",1.0,open
1751554813.5761945,"-0.19390517815374664,-0.286583561778448,-0.06050939114761977,-2.570469673152701,-0.017913712998184998,2.33940345157192,0.5651259535290057","-0.08604873956597012,-0.47490835924879615,-0.31547720504707905,0.4998996173661543,-0.0010491197960142546,-1.350792898907199,-0.21019015270239838","0.4182302,-0.11147369,0.27054235","0.9996433,-0.011431279,0.023865214,0.002860899",1.0,open
1751554813.626379,"-0.2004883399959084,-0.31342441503945573,-0.08359820086210051,-2.5373856650651128,-0.017935781344956544,2.256232516582063,0.5424017380018069","-0.11881485324514195,-0.318436846271034,-0.36422305533828464,0.49838002783976726,-0.0007313349513454827,-1.1321813673566483,-0.4519226333689632","0.4137189,-0.12027934,0.28408796","0.9997773,-0.013155448,0.016247388,-0.001870795",1.0,open
1751554813.6763754,"-0.20494539923060615,-0.32296968977524293,-0.09577827914221056,-2.5210139334965853,-0.017932833061669116,2.22116893625852,0.5259388074398582","-0.14503952253143393,-0.26251745663381526,-0.3739982592546,0.5123163390396678,-0.000413062022698153,-1.0040547971415372,-0.523809966785355","0.40985093,-0.13017415,0.29580998","0.9998381,-0.012606591,0.010906359,-0.006403954",1.0,open
1751554813.7270467,"-0.21623386476757103,-0.33453349784339226,-0.12258938537161881,-2.487484956843574,-0.017951695092684468,2.162537204273547,0.4845290872718567","-0.1849108494811198,-0.10576523126581391,-0.42303918701922094,0.4912104735514466,0.001145759082465235,-0.7556043473567605,-0.6904154020200984","0.40623948,-0.14215434,0.30637082","0.9998536,-0.010556266,0.007294782,-0.011103924",1.0,open
1751554813.7763748,"-0.22271789496150934,-0.336379499109031,-0.1371486501651053,-2.4717689991512155,-0.01796127869889093,2.1398293264015638,0.46071815361335755","-0.20492967019306207,-0.02390846229124497,-0.4463268231336276,0.4886923281390427,4.567945677642709e-05,-0.6251845991762561,-0.7425464436671061","0.4030335,-0.15558584,0.3147463","0.9998325,-0.0077922186,0.0053966576,-0.015501021",1.0,open
1751554813.8264468,"-0.237733099819585,-0.33376816291701183,-0.16675987877267406,-2.4416646349912785,-0.01801017773810592,2.1065647072961178,0.4100919697999364","-0.24209402651299486,0.0899275992300253,-0.45223784133089384,0.4399632590635273,-0.0007657355369127207,-0.3846320391055662,-0.7734926450879918","0.39994273,-0.17017925,0.32108033","0.9997858,-0.0051780585,0.004904527,-0.019304335",1.0,open
1751554813.876742,"-0.24632573028764287,-0.32988868930819215,-0.182452854550124,-2.4281015772597003,-0.01829667686825416,2.0965125844403505,0.3832744067792637","-0.26025577943203515,0.13080160751149508,-0.4747361825331364,0.3704269789619932,-0.014701966848797314,-0.24146434425469687,-0.7961098223301762","0.39688528,-0.18608032,0.32535952","0.9997332,-0.002979231,0.006340266,-0.021901257",1.0,open
1751554813.9268076,"-0.2646472150067574,-0.31781258500649323,-0.21313914494266967,-2.405258193664534,-0.01967367359572149,2.090457017067744,0.32970726677010365","-0.28102109961491933,0.22214298570390048,-0.4502445610543989,0.3004383116670341,-0.009443668730908992,0.00019399549686004896,-0.7939233305503176","0.39421296,-0.2027326,0.3279034","0.99969184,-0.0007818755,0.009571414,-0.022784796",1.0,open
1751554813.9770594,"-0.2740598985098155,-0.3095450023900742,-0.22759294406539204,-2.3954638263642978,-0.02005762761106024,2.0905056786007776,0.30324186027570194","-0.28281651402209085,0.2620901193620763,-0.43228175741821506,0.29703740701749715,-0.01249006396929533,0.005509775946249761,-0.8127096953077898","0.39095923,-0.21917456,0.3283675","0.99965125,0.001701501,0.011489314,-0.023615556",1.0,open
1751554814.0271745,"-0.29259894449695734,-0.287679297735241,-0.2539466809271336,-2.3757984071298086,-0.021382362061314192,2.090958963453183,0.24672255656605452","-0.26880768514085646,0.3754649746559435,-0.3654355457760871,0.2774285925645665,-0.035329047833790934,0.011871351078112654,-0.8710240296931498","0.38756624,-0.23449247,0.32687452","0.999622,0.006873512,0.011041963,-0.02412163",1.0,open
1751554814.0767949,"-0.3014914328041885,-0.2746541319103778,-0.2654652682018025,-2.366747468276431,-0.023279739874439067,2.091347720792389,0.2179783781961722","-0.26444167166543686,0.4201559724896196,-0.340234662641118,0.27641623945471494,-0.0751959840122538,0.01996444029433785,-0.868178901979416","0.3838713,-0.24911812,0.3236105","0.99958044,0.013968641,0.008190249,-0.023915522",1.0,open
1751554814.1264088,"-0.3188539816752367,-0.24346050036469521,-0.28450167101695545,-2.3488971183658602,-0.03213782488554334,2.09376027028281,0.1648779502199158","-0.26830557595042825,0.5168744165614382,-0.2615458356686008,0.2562491587762672,-0.2201561360246555,0.06299924907469896,-0.734622730204695","0.38016024,-0.2631117,0.31855184","0.99951637,0.021699358,0.0024297251,-0.022032667",1.0,open
1751554814.1764607,"-0.32767076855595956,-0.22536747478276492,-0.2928448143400348,-2.339606886572422,-0.04238284048775957,2.0966661844226264,0.14133745451113017","-0.25220767706490616,0.5450088109085157,-0.23364194027254562,0.2822081532961802,-0.3371481514247401,0.11370493433462774,-0.6620322677058852","0.37663838,-0.2776463,0.31269878","0.9993994,0.029813383,-0.0055970484,-0.016606756",1.0,open
1751554814.2265813,"-0.3440354970633955,-0.1857723301379794,-0.3050213741002164,-2.3205585059129694,-0.0682533528846202,2.1102139600901264,0.10322290993037127","-0.23643711708245424,0.6041787147396634,-0.1544008557197492,0.27200838884628076,-0.3977402017143435,0.28915695597717933,-0.4818616655535422","0.3744564,-0.29184958,0.3062669","0.99915034,0.037874453,-0.013792953,-0.00831027",1.0,open
1751554814.276727,"-0.35171362645025367,-0.1654505167322846,-0.30962226441879465,-2.311105417640058,-0.08153377434331936,2.120630584312713,0.09019684809891709","-0.2263706130113832,0.6333760010020337,-0.1309273386664094,0.29381110724199916,-0.38602029767066964,0.3402672310718019,-0.3370678667686889","0.37353548,-0.3057209,0.2998136","0.9988867,0.042357575,-0.02062153,0.0010548895",1.0,open
1751554814.3262024,"-0.3660782719774365,-0.1234064411551889,-0.31636698579155836,-2.2941959135854844,-0.10203577516032784,2.147671850720156,0.07559984830334242","-0.20060039561843146,0.6181930295444299,-0.07508947472689939,0.21124048246164515,-0.19496018703559206,0.45534824888296077,-0.15737472125715415","0.37362835,-0.31751546,0.29251873","0.9986779,0.043480407,-0.02577486,0.009097688",1.0,open
1751554814.3759952,"-0.37258445361267334,-0.1028814860666836,-0.31845656923219284,-2.287856502584152,-0.10465150841354516,2.1622217375215658,0.07031689397963421","-0.1914297909598924,0.6124286839100828,-0.05701485912222893,0.18102576947586144,-0.008347011846015702,0.4396195625294353,-0.17007923888425155","0.374441,-0.32677275,0.28385994","0.99860924,0.042294074,-0.02857605,0.013015235",1.0,open
1751554814.4263718,"-0.3836689717565868,-0.06237111432861571,-0.32108481342277595,-2.280318456603402,-0.10420264512812767,2.1911533002078625,0.05771816151793407","-0.1454363102445475,0.6060171898580802,-0.0186017273202589,0.05837459353813723,0.018654008861387537,0.4132004868991967,-0.21158478744941023","0.37482858,-0.33347023,0.27344716","0.99844915,0.042854503,-0.03232258,0.01460124",1.0,open
1751554814.476268,"-0.3882554525459516,-0.04281708118875506,-0.32120138834143186,-2.2795004876577325,-0.10301717378277392,2.20453362109754,0.050349558732709285","-0.1297637343073743,0.5867048542834661,0.002068232359853912,0.0024816405270228978,0.04687714798397877,0.4198230241170261,-0.23788405477662702","0.37471133,-0.33770558,0.26124355","0.9981719,0.045387335,-0.03724154,0.014180472",1.0,open
1751554814.526252,"-0.39488609583200895,-0.0030104790724135044,-0.3212343629844301,-2.280473754457389,-0.09941661680962673,2.232250271520319,0.03510628045731602","-0.08377683345549992,0.6116747802738369,-0.0007652750442066875,-0.023288536231550958,0.045701916468626765,0.4352896386290059,-0.21873662459123608","0.37449574,-0.34069708,0.24810565","0.99781877,0.048669294,-0.042588707,0.013054237",1.0,open
1751554814.576485,"-0.39743487883924117,0.017897757894346725,-0.3212441495494828,-2.281058783658076,-0.0982533397578974,2.248356741934094,0.028489319385183967","-0.07121949313850519,0.6276445927877254,0.0012588228110731398,-0.016301288863351096,0.02329615269637995,0.5217016462189074,-0.17067822098821692","0.37490237,-0.34385088,0.23466736","0.99744034,0.05203619,-0.047058146,0.01362765",1.0,open
1751554814.6265037,"-0.40160744398539505,0.060006124571571215,-0.3214118442462999,-2.281937976508319,-0.09763559659589667,2.2889197953144103,0.021547675210181486","-0.06390404883741288,0.6282851633586057,-0.0009231587470468429,-0.009108552977176172,0.006106424066950373,0.6837004500392071,-0.01541334125973922","0.3760765,-0.34746286,0.22191483","0.99721384,0.053401094,-0.04935834,0.016487576",1.0,open
1751554814.6765106,"-0.4035447657669141,0.08127065137624807,-0.32164950365542877,-2.2823034932316113,-0.09652631738497204,2.312769242199306,0.021548384121793145","-0.057053630706734734,0.6405171114634012,-0.009982071946186083,-0.009096356028133938,0.05857736457010331,0.7409987276780653,-0.00047868859825164924","0.37790215,-0.3516075,0.20863397","0.9971923,0.052322183,-0.04938933,0.020632088",1.0,open
1751554814.7267652,"-0.40722033039541716,0.12462139586115734,-0.32193145389741473,-2.2832523094985753,-0.08974546122393386,2.365013494093754,0.02153666328208563","-0.046572506303091926,0.6748887196877182,0.0020984948448034783,-0.01175306320848763,0.16296826133090822,0.8077729966134887,-0.0026982380339131257","0.37996104,-0.35532272,0.19524695","0.99726945,0.050465286,-0.047950175,0.024552215",1.0,open
1751554814.7760513,"-0.40841856360917916,0.14742398044687807,-0.32183899553655043,-2.2838381967233077,-0.08179481475863586,2.3920327478080234,0.021511647998408618","-0.025418296586523573,0.6875608330828772,0.004365336564596623,-0.01721649226614329,0.286584654542197,0.7725772823065014,-0.002732265477068903","0.38219848,-0.35762048,0.18163961","0.9975238,0.046678722,-0.045494873,0.026320726",1.0,open
1751554814.8259838,"-0.4087834260666591,0.19322930691964244,-0.3204489185872392,-2.2847407563362396,-0.056417842309427105,2.4404391397390293,0.021389611808794107","-0.00026751762748996374,0.676328300252133,0.05094439586860351,-0.013800634022165626,0.4859291343663864,0.6657179074111466,-0.008510759906701321","0.38438493,-0.35805178,0.16713125","0.99788606,0.041257393,-0.043240953,0.025428463",1.0,open
1751554814.8763332,"-0.40878020585003044,0.2159098629367182,-0.3180646082118973,-2.2849624350025395,-0.0393003360627329,2.4616648064871414,0.02021705638353822","-0.0006693305534256305,0.6772038588378354,0.08719707885053789,-0.007862135657868145,0.5629317645735434,0.6374708197185656,-0.05343706226241144","0.38675648,-0.35665148,0.15227035","0.99828064,0.03551574,-0.040977053,0.02214492",1.0,open
1751554814.926263,"-0.4087517812814422,0.2604912632585559,-0.3102081069284408,-2.2850322180908185,-0.0010187793687240563,2.5018216433708345,0.011991921620123833","-0.0007402727565577508,0.6695458288556011,0.14340473935462802,-0.0015859941406604473,0.6035037972915843,0.6166109412378549,-0.18032039788765888","0.38948345,-0.35416758,0.13760228","0.9985927,0.031712566,-0.038322743,0.018262714",1.0,open
1751554814.976665,"-0.4087602852731379,0.28300786091664926,-0.30517448531168495,-2.284924938379847,0.018298923791424587,2.5221490308981944,0.0050267494336412","-0.0003417390344094018,0.6681819919621759,0.1575266295976937,0.007972315371169854,0.5738984014871922,0.6176911119600772,-0.22955465910901998","0.39220476,-0.35129035,0.123064004","0.9987813,0.030481258,-0.03573427,0.014999968",1.0,open
1751554815.026433,"-0.4087723913155606,0.3250955523825145,-0.29466132924136046,-2.28451484428424,0.05480838298492352,2.5644815350120544,-0.01218131321125881","0.0022368290439064168,0.622621284806525,0.1619035722027402,0.009491612448667915,0.5584982252920204,0.6819691643558644,-0.2527703623280819","0.39504385,-0.34878573,0.10948649","0.9989309,0.030357353,-0.032166153,0.013266896",1.0,open
1751554815.076659,"-0.4087800390278385,0.34597718844360437,-0.2891640391330075,-2.2840784241195777,0.07394756026899096,2.5883474921532157,-0.020837177223084043","0.002979351755968883,0.5957058377202754,0.1558690101899095,0.014727153638500409,0.5643779781653885,0.7028965602952478,-0.241705573016709","0.3981506,-0.3468916,0.09695389","0.99912035,0.029071912,-0.027089246,0.013217815",1.0,open
1751554815.1262155,"-0.4088153027661985,0.3838381413265164,-0.2788236753041989,-2.2830420298126075,0.11037939739805112,2.634947325513554,-0.03365940485318592","-0.001808653780537895,0.5497433887076058,0.15269619609002943,0.012665294388926045,0.5376530121931495,0.6809178564717265,-0.1692958967811053","0.4009826,-0.34535652,0.08572096","0.99931866,0.026232038,-0.021694068,0.014094302",1.0,open
1751554815.17644,"-0.4088126850125253,0.4013759147984718,-0.2737385319278497,-2.282671458468661,0.12844392609421476,2.6568341573556102,-0.0388441978351192","-0.0014018156614566792,0.49852599988476803,0.1478720834345509,0.008175240909837348,0.5025465032403765,0.6184259463238839,-0.1504519786139408","0.40308502,-0.3435145,0.075037405","0.99949366,0.022489587,-0.017060297,0.014518368",1.0,open
1751554815.2266483,"-0.40886621642495785,0.4314884052156572,-0.2642013618892836,-2.2820093168816067,0.15953255618984802,2.6895313827483687,-0.0497330575848817","-0.002021083630084396,0.4125365665700003,0.14100063513406233,0.011968286301819928,0.4192694700652744,0.3982991927943521,-0.16433733215731766","0.40428418,-0.34121066,0.065697685","0.9995885,0.020407213,-0.014538329,0.013793971",1.0,open
1751554815.2766404,"-0.40890024229878186,0.44450645666766064,-0.25971519286950984,-2.281492436485822,0.17173027494969262,2.7014806448737105,-0.05540768845928477","-0.00040388509728789973,0.349927416022498,0.12713963714334067,0.01933828094386755,0.34969912419990873,0.3015112365444385,-0.16221831399642594","0.40498236,-0.3387222,0.05780634","0.9996302,0.019915046,-0.013638792,0.012326679",1.0,open
1751554815.3265738,"-0.40906786224534175,0.46493173482972716,-0.25212467790784426,-2.2790351016209343,0.1917379790958839,2.7141749532669612,-0.06663910427156362","-0.0046198663770988056,0.2653262212841596,0.10227835101849664,0.03876511304485789,0.28360967716250285,0.11854785385093256,-0.16309525096053687","0.4052298,-0.3362398,0.0513261","0.99964267,0.02038669,-0.014105997,0.009755111",1.0,open
1751554815.3769107,"-0.4092182592927429,0.47311063017423516,-0.24902137711372455,-2.277730372983381,0.20050580401640233,2.7166980637926414,-0.07159868498505328","-0.007225213621722401,0.21920356374138708,0.08478871618142504,0.039999532825007345,0.21124731316032666,0.0476928183280485,-0.14276857106906304","0.4050037,-0.3339655,0.04622647","0.99964154,0.020749442,-0.015394591,0.0066698445",1.0,open
1751554815.426665,"-0.40963097079248,0.4838550618796143,-0.24490284576628465,-2.2760540476021354,0.20993726457443077,2.7180684818457004,-0.07890930912342248","-0.007989379999553193,0.11331238004055413,0.04886896861945169,0.014681383291153984,0.11487936661295275,0.012742320573665838,-0.10515768059237564","0.4045857,-0.33231264,0.042815343","0.99961615,0.021558492,-0.016713496,0.004320738",1.0,open
1751554815.4760811,"-0.40995299219434306,0.4863933936716786,-0.24352843045320927,-2.2757749869326838,0.2140680368651933,2.718546554315709,-0.08265559735308552","-0.008904956553050004,0.05097202689087148,0.03471685792474321,0.003941159552798859,0.11407500756391104,0.01433435231308599,-0.11445722570122299","0.40454054,-0.33153382,0.04149214","0.99960554,0.022357948,-0.016585128,0.0030034073",1.0,open
1751554815.5264919,"-0.4106078679165733,0.48631141973865805,-0.2427057992442325,-2.2755913717699374,0.21764399348136815,2.7194709674408237,-0.08776310344802118","-0.013173720834153496,-0.029325574670946375,-0.002049488192711167,0.00889994652630541,0.0010290733212472546,0.015522190854588527,-0.009244306255988075","0.404868,-0.33182868,0.04194665","0.9996078,0.022898816,-0.015657522,0.0031476368",1.0,open
1751554815.5761564,"-0.41128743431986475,0.4849253100708197,-0.24273923433735003,-2.275246369040955,0.21766979428413302,2.7200758003145076,-0.08776172805920943","-0.023264829633167193,-0.053054739774177885,-0.0007613934960129422,0.012642893035038159,0.0002317017696240784,0.017587412131059986,0.0006119375494289983","0.4055477,-0.33288568,0.04344753","0.99964106,0.02234267,-0.014014019,0.0041709053",1.0,open
1751554815.626299,"-0.41306347429554446,0.4797025602135183,-0.24273397585149814,-2.273968627385184,0.21767248628924302,2.7208418682437236,-0.08776558006290613","-0.02658105361876349,-0.1053073570710518,0.0008705707007588189,0.02289579289728407,-0.00023379996865863093,0.005717529901073131,-0.0014519749228572496","0.4067882,-0.33432263,0.046023592","0.999681,0.02169411,-0.011464688,0.0055733565",1.0,open
1751554815.6761332,"-0.4138558328597373,0.47552308321739434,-0.24274178345446043,-2.2731219509761127,0.2176735221195556,2.720899876822044,-0.08776188415982632","-0.021552967136738797,-0.13768177109150717,0.0005318028385616082,0.02668072852024118,0.0011826988328928717,0.0013546486559905951,0.0010673142811790152","0.4087676,-0.3359356,0.04983263","0.9997151,0.021163238,-0.007895026,0.007395601",1.0,open
1751554815.72684,"-0.41499464173160333,0.4633031836629554,-0.2427385730646414,-2.271197213463969,0.2176764327599577,2.720851185676714,-0.08775147053981226","-0.01039141894245984,-0.2382790815176626,-0.0003953969817317781,0.025911405242844555,9.667743199135727e-05,-0.002220066900985965,0.0012730714806663316","0.41182712,-0.33783868,0.055615652","0.9997278,0.020794254,-0.0026165287,0.010016343",1.0,open
1751554815.7764468,"-0.415118882691004,0.45356292397936143,-0.24274034182818235,-2.270390558528897,0.21767683738877736,2.7207798360750477,-0.0877514027446099","-0.0007975756903727976,-0.3201812811010482,0.000707139552979236,0.0190454280227132,-0.00011942993053290729,-0.005129354368623977,-0.0009482297098610387","0.41612607,-0.33981162,0.06393422","0.9996795,0.020745344,0.004769632,0.013525128",1.0,open
1751554815.8266912,"-0.4149928646980899,0.4267875553838298,-0.24221162990530917,-2.269692836708559,0.217675729649591,2.719715782494892,-0.08773488671795893","0.0010882743667473323,-0.49441909012094326,0.016684946318078157,0.0021465766926828476,0.0007782380036470755,-0.0328592395809182,0.0010768376125490878","0.4216828,-0.3417838,0.07538579","0.9995139,0.020941902,0.014591873,0.01776532",1.0,open
1751554815.8763342,"-0.4149690118405307,0.40846402647472485,-0.2414883416912926,-2.2696285370311786,0.21768193858987794,2.7181753817699645,-0.08770125127102253","-0.0004511253687817879,-0.5863233214106798,0.026786071180870685,0.0004127053640507331,0.0010566404371723983,-0.05263785404935145,0.001335707351776751","0.4281904,-0.34360725,0.08979121","0.99916524,0.021348782,0.026523756,0.02246607",1.0,open
1751554815.9271517,"-0.41481082209384484,0.36402167027110827,-0.23883325400225838,-2.2696561366118244,0.21768500885707318,2.7118697779632654,-0.08710376857309476","0.0034460820111200546,-0.7154002898280953,0.0502587961873266,0.007173391568086083,0.0008940023203083602,-0.1512649485545589,0.02022145168870708","0.43578586,-0.34493724,0.10778598","0.99855125,0.022001456,0.040736057,0.027333152",1.0,open
1751554815.9762251,"-0.41459273591067036,0.33855712266578397,-0.2369808692110829,-2.269661882129433,0.2176827403184839,2.704598011955701,-0.08611444200416876","0.008219151960946077,-0.7799377091317913,0.059491832655222274,0.005726213785490156,0.0003364344224576508,-0.2905762608688246,0.03835997181618767","0.44281816,-0.34476262,0.12721346","0.99782664,0.022585412,0.054141697,0.029929",1.0,open
1751554816.0259802,"-0.4140791914429852,0.2814190424389007,-0.23221188135101323,-2.2694729187547114,0.21767505093160167,2.6728469128808534,-0.08259528074431163","0.006808668971490654,-0.8820999485588338,0.08520825258188652,0.009741523273508808,-0.0012858410874514257,-0.6318955167560506,0.07401485862744331","0.44862816,-0.34233147,0.1478142","0.99717027,0.023435699,0.065417185,0.028600007",1.0,open
1751554816.0769842,"-0.41389279900497544,0.25110445289161026,-0.2293132661796231,-2.269131323090565,0.21765678926179294,2.6484803501340415,-0.07962180673101742","0.005233749147021328,-0.9392431691552958,0.09104923409941205,0.011542240900509967,-0.0006651221881307848,-0.7999276855126163,0.08802677741910794","0.4528688,-0.33741662,0.16925699","0.9967032,0.024448253,0.0738877,0.022822004",1.0,open
1751554816.126701,"-0.4134472385492661,0.18779483997452112,-0.22261617352533672,-2.267495175585871,0.21759612522207944,2.5827706839454527,-0.07514197730020093","0.009555179824954158,-0.9822902198312163,0.10509488225225071,0.031290139615485414,-0.002550155417336806,-1.1378072346930184,0.048985158897735935","0.45526153,-0.3302771,0.19036515","0.99641436,0.027250921,0.0789686,0.013228872",1.0,open
1751554816.1763706,"-0.4129591283089585,0.15426987158035643,-0.21898499473170985,-2.2660334697460667,0.21756475134176437,2.5420060128014565,-0.0741299392999887","0.015543740281378341,-0.9879643093323504,0.11067370025433662,0.05083777295600522,0.00022222664248837512,-1.237524874170537,0.019982182490587905","0.45620823,-0.3214002,0.21162488","0.99612206,0.03216908,0.08184908,0.0013680102",1.0,open
1751554816.2265983,"-0.41194288311876476,0.08810238804775884,-0.21099345825554205,-2.2610304256549267,0.2170215440889015,2.457284570102686,-0.07304934152132707","0.012673732189151056,-0.9766239864369823,0.12512953326322998,0.10308411470463705,-0.02235734587448258,-1.2533550989003073,0.012159192057608174","0.45641366,-0.31186464,0.23327425","0.99565285,0.03855175,0.08412484,-0.010360204",1.0,open
1751554816.2765925,"-0.4115560901522997,0.05648980831796632,-0.20672426336450614,-2.2573118936739474,0.2156743448730364,2.4169609106160688,-0.07244412568008983","0.012120464927350897,-0.9529920980888753,0.1307924874244499,0.1290559782387824,-0.04566054652122039,-1.2002754269055362,0.028078943937860205","0.4562646,-0.30269036,0.25509307","0.9949913,0.045737844,0.08657592,-0.020002674",1.0,open
1751554816.326858,"-0.41121450916492736,-0.003020174261384739,-0.19729395372394823,-2.2480475625126193,0.21268416748955535,2.3408147810899074,-0.06559845799636807","0.0009868142963657912,-0.8601223527176088,0.15534557413072556,0.15349246061933164,-0.03327094798339832,-1.1188510010012445,0.1782153639114889","0.45564526,-0.29360545,0.2762333","0.9943319,0.050777584,0.08892245,-0.0285246",1.0,open
1751554816.376742,"-0.41114156251408923,-0.03159289061283577,-0.19138405169564357,-2.2428219570436307,0.21190244059537652,2.3038822072482548,-0.05764365498175686","0.0018159882756636346,-0.8189133347827504,0.18484652642484783,0.1649388661353828,-0.018267357638251644,-1.0827839749667019,0.27797949294673624","0.4550162,-0.28381568,0.2964435","0.9937639,0.052943252,0.09102354,-0.03660889",1.0,open
1751554816.4264905,"-0.4107665510390643,-0.08366083322227118,-0.17617098167892423,-2.2308575950306526,0.21040530921444495,2.2346283191958225,-0.03015616494884894","0.006307502376234851,-0.7300171605124882,0.26164954425338893,0.19513526699532904,-0.04259920260508115,-0.9905312081508886,0.503622455171896","0.45468602,-0.27309313,0.31570488","0.99338555,0.052493215,0.09217911,-0.043906596",1.0,open
1751554816.476582,"-0.4106821773264272,-0.10716326687884577,-0.16666639398739094,-2.2243931953386165,0.2074773603949056,2.2019627264603883,-0.01193166572110396","0.0014606389386521484,-0.685804964182118,0.3064962180231892,0.1868808506172555,-0.12107998441647752,-0.9705509196010014,0.5915066209927021","0.45415515,-0.26162454,0.3336569","0.993321,0.051355306,0.09085421,-0.049159706",1.0,open
1751554816.5260398,"-0.41058371485360656,-0.15024101399803858,-0.14300770871345148,-2.2116372721341535,0.18891129067442122,2.1407072265377405,0.035463695436030424","0.0011725464164995861,-0.6228389956577485,0.3919689083299485,0.20124719498042284,-0.4171647404343036,-0.8848968167868945,0.8217665164994484","0.4531735,-0.25024527,0.34970146","0.99380386,0.050165202,0.08571442,-0.049855113",1.0,open
1751554816.5765674,"-0.4104959797926078,-0.17056573634263825,-0.12840249408370272,-2.204394972255786,0.17060841874299307,2.1115575596903304,0.06524777960816228","0.004678815808861285,-0.5895018002036716,0.45136272102633895,0.22477774653862811,-0.6016991735142644,-0.8429689662114627,0.9027758220265999","0.4518556,-0.23900458,0.3655192","0.99483985,0.049617328,0.07679427,-0.043926843",1.0,open
1751554816.627328,"-0.4103207197202142,-0.2077021291308459,-0.09479468997238313,-2.1899495904739212,0.12044256025057577,2.0591327486849433,0.12900393824758738","-0.0020760511760865106,-0.5260373587067836,0.5452739429593517,0.21380672275695808,-0.8391993789869685,-0.7276000680025964,0.9851021154535333","0.45028675,-0.22843185,0.38001654","0.99606854,0.04989026,0.06580205,-0.031995323",1.0,open
1751554816.6766245,"-0.4102331752240294,-0.2248393682222488,-0.07624832289535968,-2.1826939744533953,0.09212741777147823,2.035549198680599,0.16180398515586789","0.003889771039701356,-0.5079035957136191,0.5779536177140054,0.22978115529479565,-0.8521045864103279,-0.6979210650975278,1.006473090763571","0.44901574,-0.2178925,0.39419794","0.9971157,0.049781732,0.054923203,-0.016148133",1.0,open
1751554816.726798,"-0.41010649320029663,-0.25687026389148876,-0.03517663915333448,-2.168236820148728,0.041786838168823684,1.990874947494274,0.22964751718581816","0.002279013497357109,-0.45184599874004105,0.6326590743876345,0.1939812596236753,-0.6209594963244046,-0.6629681649825528,0.999135566646695","0.44822714,-0.20603913,0.4073147","0.9978164,0.047616106,0.04570578,-0.0011415955",1.0,open
1751554816.776542,"-0.4099391058091877,-0.27117389440505835,-0.013738903746780837,-2.1622732435059726,0.025312332126523666,1.9694819017203162,0.2618514030667625","0.0026760154970830647,-0.42662660987121115,0.6673078620612252,0.17120608600803344,-0.41812452754454865,-0.6529252909796824,0.9579397083437777","0.44790328,-0.19160184,0.41856235","0.9982504,0.043926876,0.038419243,0.009253119",1.0,open
1751554816.8266416,"-0.40976603685655233,-0.2974338408801107,0.031688746341805164,-2.1523930138152214,0.013544347305039773,1.9268885773664308,0.3251906473016838","0.0008504718435157696,-0.36993637092810416,0.6878108189007296,0.12472243991892848,0.002175659538916356,-0.6279085538148458,0.9556146989187084","0.44798294,-0.17419176,0.42786387","0.99864,0.037922174,0.033213675,0.013120066",1.0,open
1751554816.8764231,"-0.40965940912396437,-0.3088719131525353,0.05471444629867584,-2.14853318911002,0.013594926582068274,1.906173354965464,0.35835548178461635","0.006225739562638792,-0.33615117078258183,0.7034931778531989,0.10605601823173806,0.0036505211659957045,-0.6198893384719296,1.0343289846280115","0.4476856,-0.1556333,0.43498","0.99907917,0.029339364,0.027275255,0.015205555",1.0,open
1751554816.926456,"-0.4093201130424855,-0.3290565250056634,0.10215854582459298,-2.143791803773211,0.013693389147415547,1.868841410544721,0.42998508756535203","0.008415409769332418,-0.28570543024174744,0.7281498405256928,0.05382539120802718,0.0035776124137644767,-0.5040799268707659,1.1350044986460242","0.44718152,-0.13678406,0.4403417","0.99942476,0.019121122,0.02114477,0.018238176",1.0,open
1751554816.9768562,"-0.408943395356457,-0.33852927727386345,0.12722423387229417,-2.142597097482866,0.013937172946641103,1.853337882487047,0.46893952764103763","0.015373405222171042,-0.26314878105459827,0.7404671133274321,0.02609461091378835,0.012312976769877068,-0.4147754151955081,1.1560415397684323","0.4471108,-0.117790714,0.44452307","0.9995726,0.0079936925,0.016680537,0.022531265",1.0,open
1751554817.0267863,"-0.407641670068081,-0.3554658725717687,0.17646182034745958,-2.141869781098621,0.015436190090101184,1.833792214112532,0.5465066108217114","0.02171453582000435,-0.24346425271368594,0.7468818376067657,0.002713690128188331,0.030677087971003086,-0.20743933830048308,1.18377330393257","0.44779024,-0.09888493,0.44812384","0.9994874,-0.0036727504,0.015090458,0.027908223",1.0,open
1751554817.0765347,"-0.40671972855292743,-0.3632936093240077,0.20182186295480603,-2.1418908554750105,0.01664596822682091,1.8292768786732836,0.5863653864559617","0.024779081801401398,-0.21678765100863445,0.7419651419356161,0.0017931732164515992,0.03385807877638982,-0.0870750320868093,1.1678166760378637","0.44958052,-0.080193624,0.4513191","0.9991642,-0.014870764,0.01693549,0.034030084",1.0,open
1751554817.1265256,"-0.40451285597000347,-0.37622693678891783,0.250854944540395,-2.141751301752355,0.01909410556193711,1.8281514382714874,0.6613796282883951","0.03418571990745784,-0.1661471963182047,0.7139943371039404,0.0058330550241940966,0.049741412746399,0.0009908051464082434,1.0700115131924255","0.45176855,-0.061947733,0.45396686","0.99867314,-0.024793953,0.02060831,0.040095635",1.0,open
1751554817.1760197,"-0.40282954345721694,-0.3809383017360781,0.27380585353684483,-2.1413473347126266,0.021693698496109855,1.828153908761099,0.6949926550590236","0.05755866879847513,-0.12343937061706116,0.6858037690597338,0.015032891780916633,0.10435662109889605,0.00035600644764413077,0.9819242122614338","0.4537119,-0.04402729,0.45543888","0.99822533,-0.032564085,0.023712886,0.043801848",1.0,open
1751554817.226475,"-0.39858174406573715,-0.38746522346507406,0.3161862737343662,-2.140515566836232,0.03542631458855014,1.8281452293758682,0.7561685974378333","0.06478372609876792,-0.07288359442322905,0.6048126703749727,0.012098991480507628,0.34391410556716473,0.0005247820672106933,0.8924590276389076","0.4553183,-0.025100237,0.4557705","0.9978982,-0.040532637,0.0263309,0.043106087",1.0,open
1751554817.2766771,"-0.3964850439473929,-0.3894291972688491,0.3358729994990202,-2.140129267172763,0.04940091178483384,1.8281350221411268,0.7853209291801159","0.0597763614981609,-0.04973692283539306,0.5584823677468898,0.011009928981799165,0.4536611993846463,0.0003728092766540149,0.8321461674299669","0.45648897,-0.006474786,0.455096","0.9977255,-0.049212765,0.028045466,0.036477134",1.0,open
1751554817.3265905,"-0.3923138731750308,-0.3911977167120054,0.3684069672368561,-2.1392932706194054,0.08694185417582924,1.8281455509512674,0.8328464802096114","0.06370395014360221,-0.003873315834913481,0.44478909064869093,0.019724519234553248,0.6051989623711755,-0.0003924773534673109,0.6030368974731446","0.4573044,0.01141123,0.45388967","0.99764186,-0.056832377,0.028638452,0.02560918",1.0,open
1751554817.3760056,"-0.39026918153077517,-0.3911688688313858,0.38236328657479945,-2.138746421957075,0.10799556746008308,1.828165324389965,0.8503117164747795","0.056911344174905946,0.00087834412629548,0.3753384516574777,0.016244944794272735,0.600827346453145,0.0010511573825497294,0.4392222020952429","0.45775288,0.027007598,0.4526609","0.9976432,-0.06088936,0.028331181,0.0138958655",1.0,open
1751554817.4266102,"-0.38792505648270914,-0.39048419596964473,0.4045479145783266,-2.1368003509004927,0.1409352630554036,1.828426561745338,0.8660967792233439","0.0027334944104659737,0.012097927991875349,0.30096401190680017,0.04012381057867232,0.36816385112443295,0.004011504293957521,0.07272601026557277","0.45814565,0.039529853,0.45189467","0.9978196,-0.059527107,0.027953388,0.005133978",1.0,open
1751554817.4768302,"-0.38799378500823895,-0.3901390404977789,0.41346239288305864,-2.13529186785504,0.1486712211823884,1.8284947114518137,0.8665155776610675","0.0015122575507030408,0.008188429507566352,0.23283342683562416,0.04474773588065278,0.13805005109319435,-0.0008985551559549843,-0.0037041498253688023","0.45841956,0.046572212,0.4517877","0.9980985,-0.05474412,0.028039884,0.003380447",1.0,open
1751554817.5262222,"-0.38803712431651977,-0.3897396030929065,0.4248632518752137,-2.132791154758801,0.14959474716469362,1.8285172690969045,0.8664622239174117","3.193172645307946e-05,0.0033415535636073515,0.11466438146526695,0.03066801625920197,0.000547700824122419,-1.5607416567407035e-05,-0.0019344991490225449","0.4585974,0.0500839,0.45191765","0.9982748,-0.05117534,0.028337428,0.0045487103",1.0,open
1751554817.5760868,"-0.3880439171554261,-0.38955770782317584,0.4275918424130427,-2.1317642609285485,0.14959854647969553,1.8285186357848398,0.8664574463199349","-6.676054730849216e-05,0.007137017256743044,0.06712898659634654,0.03066603302966391,0.0004783230239392588,-0.0006333152464243255,-0.0007186379454569606","0.45883027,0.051797237,0.45217612","0.9983506,-0.04944549,0.02865814,0.0050024246",1.0,open
1751554817.6264534,"-0.38806766160004397,-0.3886919204937949,0.4290777355190584,-2.1308048760644436,0.14960492064952474,1.8285087095694268,0.8663871502585933","-0.003557961171682141,0.01693289557953971,-0.004513089967245345,0.0012207747933241416,0.001779427569109259,0.0005910194532630645,-0.0023355639872904674","0.45897952,0.052026432,0.45207423","0.9983692,-0.049150903,0.02852303,0.0049688816",1.0,open
1751554817.676448,"-0.38846600470624926,-0.38795895634877825,0.42875012776608346,-2.1308642948600296,0.14960052392056566,1.8284924167277985,0.8662811266918122","-0.016389775785917934,0.0266651588809475,-0.014319160877864522,-0.003494186711541396,0.000987403747700343,-0.0014332711585008117,-0.0030556737239529294","0.4591594,0.05134584,0.4515622","0.9983607,-0.049705207,0.02790584,0.0046702554",1.0,open
1751554817.7263718,"-0.3894762681248365,-0.38543881146484166,0.42753089381149156,-2.1308772105074345,0.14957632553806186,1.8285061573393269,0.8656809520774542","-0.015154088899640773,0.0382673467068533,-0.01888690329580248,0.0009570745442258004,0.000984702965440547,-0.0005850063419752119,9.869547763066328e-05","0.45945537,0.05045174,0.45081425","0.99835867,-0.05028527,0.026998559,0.0041935197",1.0,open
1751554817.7762303,"-0.38990344659847564,-0.3842532137470801,0.42680427233823537,-2.1308831113288,0.14956973499916784,1.8285186577166923,0.865680761537014","-0.010060422582378025,0.030479782454776744,-0.021236494644069584,-0.0006243885934910057,-0.0006730907310963838,-0.00042034957318662434,-7.803248987925545e-05","0.45969012,0.0496341,0.45026413","0.99833876,-0.051065136,0.02632753,0.0037596626",1.0,open
1751554817.8267024,"-0.3902226790142783,-0.38255854545787854,0.4255165897705437,-2.130858700500654,0.149577897010292,1.8285399426009739,0.8656866280779758","-0.0007383524635216454,0.02183511619318227,-0.014645675832935596,0.0010351511077753416,0.0014569228934267874,0.001650954740328617,-0.00020491385398879627","0.4598625,0.049093947,0.44985402","0.99832743,-0.05156502,0.025826512,0.0034067102",1.0,open
1751554817.876441,"-0.390217397963243,-0.38185623580922057,0.4252446539243083,-2.130850499290913,0.14957806781600444,1.8285813466009322,0.8656866007633695","-0.0005322964275836206,0.018891083991018312,-0.0035854189371685215,0.0007378537530013127,-0.0010537984100927556,0.0009874783943731391,-0.0005660058896913662","0.45999607,0.048930112,0.44948125","0.99833226,-0.051690433,0.025412362,0.003192429",1.0,open
1751554817.9268415,"-0.3901582068351622,-0.38070991767466517,0.42529566654922796,-2.130848284205356,0.14958307945657562,1.8288236063849075,0.8656940156961473","0.0005989500148575737,0.015511849317918923,0.0014802055738377202,-0.0004783521448610706,0.00028524781381871584,0.004182289810197052,0.0006264418357013188","0.46012428,0.04895525,0.449161","0.9983431,-0.051627383,0.025128333,0.0030662627",1.0,open
1751554817.9764855,"-0.39016565523350627,-0.3802402845648884,0.4252883125225372,-2.1308456672107394,0.1495805621686659,1.8288696887795028,0.8656973874392867","0.0007368337123649454,0.013457569759964328,-0.0010996301099410887,0.0005828125360496359,-0.0014616194440815213,0.0019613781919773465,0.0028228092522228857","0.46021023,0.04891559,0.44888052","0.99835074,-0.051637016,0.024818039,0.0029478874",1.0,open
1751554818.0266318,"-0.39017806693241985,-0.3792501557947869,0.4252745912457538,-2.1308435157787176,0.14958369359510845,1.8288919364354972,0.865700605656028","-0.0011400067976862637,0.015542349949154788,-0.000846794869372418,0.0010721279480416714,-0.00046288210612253173,0.0007926746873827422,0.00022548549818556836","0.4602976,0.048867814,0.44857138","0.99835867,-0.051657755,0.024467884,0.0028151984",1.0,open
1751554818.076931,"-0.3901767356323061,-0.3787269924082258,0.4252703099490679,-2.1308548063814405,0.14958039687503988,1.828888241235283,0.8656990946965221","0.0007060889783109078,0.01676731340843791,-0.0006757892309372418,-0.000823343567994204,0.0003994070501005519,0.00046183378632709104,0.000247355371631714","0.46037245,0.048833102,0.448218","0.99836904,-0.051658534,0.024054984,0.002687461",1.0,open
1751554818.1266184,"-0.39016577444631256,-0.377369128235766,0.4252923054479455,-2.130875633093267,0.14958158725883625,1.8288814897138825,0.8656959558190546","-0.0003546583197110271,0.02308324376370347,-0.0016292564728865894,2.890695672834749e-05,0.003056460091215089,-0.0014457100409690782,-0.0013627291334512301","0.46049085,0.048798412,0.44777352","0.9983822,-0.05164901,0.02354234,0.0025082398",1.0,open
1751554818.1765196,"-0.39016651111983197,-0.37655013897513734,0.42529693014521625,-2.130877448770066,0.14957715858117235,1.8288839279807618,0.8657006100166789","-0.0011774484672796026,0.024810686846910613,-0.0017930433197908492,-0.0011290982921281696,-0.0002814894593207303,4.3184870059418214e-06,0.0004158862559361093","0.4606191,0.048731517,0.44728085","0.9983951,-0.051666398,0.02297173,0.0023056837",1.0,open
1751554818.2267277,"-0.390173864660736,-0.37488014292049315,0.4253008999180392,-2.1308838295136345,0.14958104130745556,1.8288867565895415,0.8657028829969139","-0.0006137215531865153,0.025359226072329346,0.0011417773886261266,-0.0006145520616903605,0.00018266669696050423,0.0012684065106056187,0.0008778607515844834","0.46075064,0.048690643,0.4467638","0.9984095,-0.051658157,0.022373993,0.0020992795",1.0,open
1751554818.2765772,"-0.39016487671313194,-0.37400760513217096,0.4253185352350487,-2.1308825175263024,0.1495796448643672,1.8288858665980767,0.8657061946691208","0.0003358328393026867,0.026429755674026906,0.0010248021104146713,-4.541548843428427e-05,0.0004920097387797043,0.00045343162782072056,0.0007109285370668994","0.46089014,0.04864774,0.4462141","0.9984244,-0.051650133,0.021740424,0.0018776014",1.0,open
1751554818.326712,"-0.39017928617201075,-0.372268600981462,0.4253096847349348,-2.1308818977257094,0.14958160302719695,1.8288857090777981,0.8657053625754279","-8.165635912343134e-05,0.023733391692740448,-0.002252782591560019,-0.0007214023167821377,0.0004433053604061362,0.0007643427104813813,0.0005331705642304197","0.4610277,0.048578054,0.44568914","0.9984369,-0.051666796,0.021133136,0.0016593764",1.0,open
1751554818.3769848,"-0.39017964195443133,-0.3714631394292761,0.4253087504393062,-2.1308798231963855,0.14958033679001748,1.8288914761401294,0.8657012799306979","0.0015001034468161163,0.024078311589242764,-0.00020975608091029638,0.0012754217886064804,-0.0010772169928877343,0.0015445679588981611,-0.0007179972704766143","0.46114874,0.048533842,0.4452134","0.9984488,-0.05166536,0.020583726,0.0014687425",1.0,open
1751554818.426788,"-0.39016844124168876,-0.36998644372762624,0.4253235500791077,-2.1308739387543185,0.14958232602128155,1.82889136426089,0.865705703226582","0.000995406710302522,0.024479834301255853,0.0006864822702751409,0.0010197959453149233,0.0011777647635422095,0.0007363954981697497,0.002013094979626698","0.46126398,0.048491675,0.44476485","0.99845964,-0.05166493,0.020065622,0.0012858203",1.0,open
1751554818.476648,"-0.3901603813499672,-0.36920011290941335,0.4253272029806419,-2.1308777797355027,0.14958274737358343,1.828887187384651,0.8656995701772565","0.0005284345100633216,0.025284298632986518,-0.00012442075305599384,-0.0003997879422253685,0.0008156846939650221,-0.0018676573914519687,-0.00018833254839785934","0.4613897,0.04844816,0.44427076","0.99847126,-0.05166268,0.019495105,0.0010829305",1.0,open
1751554818.5264645,"-0.390154770747821,-0.36730115960125725,0.42534446139207005,-2.130871037391048,0.14958246797552663,1.8288912441292757,0.8657067583102454","7.860880084940229e-05,0.03441821889949416,0.0006018047354663606,0.0014260428553798201,-0.00014004761101068706,0.0014103546400718744,0.0005763693881937695","0.46154487,0.0483913,0.44364393","0.99848574,-0.051655952,0.018771723,0.0008343679",1.0,open
1751554818.5768251,"-0.39014635645456097,-0.3660073889220828,0.4253568106352885,-2.1308763474074532,0.14957763195129242,1.828884598189969,0.8657015857063108","0.0014307691492570678,0.038835927053570515,-0.0005302167439685358,-0.0009471125990089469,-0.0011431146306013639,-0.0003356945678650153,-0.000229061867473583","0.46174997,0.048319086,0.44281492","0.9985037,-0.051651675,0.017815402,0.00050059374",1.0,open
1751554818.6266952,"-0.3901598556876061,-0.36287970530410313,0.4253677450203999,-2.130887997958239,0.1495789590551666,1.8288835791885205,0.8657038194416219","-0.0010855448832892797,0.05161242131937988,0.00021344802001716954,-0.0006275598935353837,-0.001149035030240703,-7.677350260125747e-05,0.00012473259844293357","0.4619953,0.04821465,0.4418041","0.9985236,-0.051658787,0.016648417,9.3729956e-05",1.0,open
